;param_class_weight;param_criterion;param_max_depth;param_max_features;param_min_samples_leaf;param_min_samples_split;param_splitter;mean_test_score;std_test_score;mean_train_score;std_train_score
800;balanced;entropy;10;log2;2;5;best;0.7433149942609989;0.042868974820094885;0.8327661913184379;0.0064746293339550875
202;;gini;20;log2;1;10;best;0.7431502616205641;0.050011803224911916;0.8873445029950447;0.007107505476210301
764;balanced;entropy;10;auto;2;5;best;0.7409899439573893;0.059243154297325365;0.8249582381199965;0.010497990120980476
782;balanced;entropy;10;sqrt;2;5;best;0.7409899439573893;0.059243154297325365;0.8249582381199965;0.010497990120980476
422;;entropy;20;log2;2;5;best;0.7406838136113236;0.03835324913588178;0.891218736200903;0.013714582167872729
640;balanced;gini;20;log2;2;10;best;0.7406290835053008;0.041668873137741355;0.8693213098386423;0.004960438685364081
696;balanced;entropy;;log2;4;2;best;0.7406190682689666;0.03321666304748118;0.8488813888036681;0.010008235574513434
698;balanced;entropy;;log2;4;5;best;0.7406190682689666;0.03321666304748118;0.8488813888036681;0.010008235574513434
582;balanced;gini;10;log2;2;2;best;0.7392262220402782;0.04920681088062485;0.8333196119071797;0.010826675113661277
484;balanced;gini;;log2;4;10;best;0.7390176710340615;0.03344699017922674;0.842583365492865;0.007111107652332822
844;balanced;entropy;20;sqrt;4;10;best;0.738886015958391;0.03624144171817118;0.8553611325810231;0.0072039665566499215
826;balanced;entropy;20;auto;4;10;best;0.738886015958391;0.03624144171817118;0.8553611325810231;0.0072039665566499215
150;;gini;10;log2;2;2;best;0.7380901177123642;0.05058082331604904;0.826077547306858;0.014302929887048055
36;;gini;;log2;1;2;best;0.7380450360498878;0.04715837916229198;0.999699827148841;0.00010056884886122964
652;balanced;entropy;;auto;1;10;best;0.7375859713908836;0.044694652470465376;0.9042207616389113;0.006796893361579288
670;balanced;entropy;;sqrt;1;10;best;0.7375859713908836;0.044694652470465376;0.9042207616389113;0.006796893361579288
114;;gini;10;auto;2;2;best;0.7375341630462302;0.05523636420212787;0.8249741568960477;0.013507240575754392
132;;gini;10;sqrt;2;2;best;0.7375341630462302;0.05523636420212787;0.8249741568960477;0.013507240575754392
684;balanced;entropy;;log2;1;2;best;0.737288491496001;0.035140190038765944;0.999699827148841;0.00010056884886122964
858;balanced;entropy;20;log2;4;2;best;0.7369816038674868;0.034107676021487406;0.8452705301601885;0.010415365999755672
860;balanced;entropy;20;log2;4;5;best;0.7369816038674868;0.034107676021487406;0.8452705301601885;0.010415365999755672
450;balanced;gini;;sqrt;1;2;best;0.7362761085894669;0.03047844927269709;0.999699827148841;0.00010056884886122964
432;balanced;gini;;auto;1;2;best;0.7362761085894669;0.03047844927269709;0.999699827148841;0.00010056884886122964
224;;entropy;;auto;2;5;best;0.7360081288295601;0.03841354552363444;0.9032699627909523;0.008304579500673547
242;;entropy;;sqrt;2;5;best;0.7360081288295601;0.03841354552363444;0.9032699627909523;0.008304579500673547
260;;entropy;;log2;2;5;best;0.7358030903426062;0.05895531021673192;0.893940283833917;0.00951076060880311
455;balanced;gini;;sqrt;1;10;random;0.7355329717248764;0.04007327821862216;0.862682671473656;0.004433092858158178
437;balanced;gini;;auto;1;10;random;0.7355329717248764;0.04007327821862216;0.862682671473656;0.004433092858158178
198;;gini;20;log2;1;2;best;0.7354240428898253;0.030744008903487937;0.9783382300609638;0.010323426740422215
802;balanced;entropy;10;log2;2;10;best;0.7353441777908081;0.05345545552361855;0.8251615675131883;0.008760571390763175
820;balanced;entropy;20;auto;2;10;best;0.734672623019422;0.048593694949741445;0.8772232712402994;0.004568401385085316
838;balanced;entropy;20;sqrt;2;10;best;0.734672623019422;0.048593694949741445;0.8772232712402994;0.004568401385085316
400;;entropy;20;sqrt;1;10;best;0.7346032293538379;0.04785032052997409;0.894788892581351;0.005949144510463476
382;;entropy;20;auto;1;10;best;0.7346032293538379;0.04785032052997409;0.894788892581351;0.005949144510463476
796;balanced;entropy;10;log2;1;10;best;0.7345853777969146;0.054193573910855934;0.8302954872997536;0.00546405811773717
8;;gini;;auto;2;5;best;0.7342261139248921;0.0524700861628865;0.9040288652313795;0.0063080228887658855
26;;gini;;sqrt;2;5;best;0.7342261139248921;0.0524700861628865;0.9040288652313795;0.0063080228887658855
762;balanced;entropy;10;auto;2;2;best;0.7336352338293978;0.04159798869852354;0.833953790537864;0.009828160475310257
780;balanced;entropy;10;sqrt;2;2;best;0.7336352338293978;0.04159798869852354;0.833953790537864;0.009828160475310257
478;balanced;gini;;log2;2;10;best;0.7331419394710019;0.04703644850969352;0.8738516311104962;0.009295053066660968
784;balanced;entropy;10;sqrt;2;10;best;0.732864544356165;0.05470489318345708;0.825914788437594;0.0072387765888650155
766;balanced;entropy;10;auto;2;10;best;0.732864544356165;0.05470489318345708;0.825914788437594;0.0072387765888650155
632;balanced;gini;20;log2;1;5;best;0.7328373088914277;0.048200388767794825;0.935184128909877;0.004730628718741045
786;balanced;entropy;10;sqrt;4;2;best;0.7327827310774901;0.04601500824046864;0.8201738149338056;0.00954276120570784
770;balanced;entropy;10;auto;4;5;best;0.7327827310774901;0.04601500824046864;0.8201738149338056;0.00954276120570784
768;balanced;entropy;10;auto;4;2;best;0.7327827310774901;0.04601500824046864;0.8201738149338056;0.00954276120570784
788;balanced;entropy;10;sqrt;4;5;best;0.7327827310774901;0.04601500824046864;0.8201738149338056;0.00954276120570784
472;balanced;gini;;log2;1;10;best;0.7327271320848696;0.046644183061970254;0.8943792334010945;0.0065597418551852854
542;balanced;gini;10;auto;1;5;best;0.7323959388188628;0.0642231883603271;0.8389684241203497;0.006538524110247155
560;balanced;gini;10;sqrt;1;5;best;0.7323959388188628;0.0642231883603271;0.8389684241203497;0.006538524110247155
342;;entropy;10;sqrt;1;2;best;0.7323426716021972;0.042554433123576416;0.831854854910649;0.011249013299479825
324;;entropy;10;auto;1;2;best;0.7323426716021972;0.042554433123576416;0.831854854910649;0.011249013299479825
774;balanced;entropy;10;sqrt;1;2;best;0.7315233019985854;0.04301311791457887;0.8412074486805634;0.010375351474305386
756;balanced;entropy;10;auto;1;2;best;0.7315233019985854;0.04301311791457887;0.8412074486805634;0.010375351474305386
835;balanced;entropy;20;sqrt;2;2;random;0.7313362955694513;0.049821354983049855;0.8018293442906224;0.01052501204227166
817;balanced;entropy;20;auto;2;2;random;0.7313362955694513;0.049821354983049855;0.8018293442906224;0.01052501204227166
672;balanced;entropy;;sqrt;2;2;best;0.7313048729594335;0.03558533962470907;0.907814967344746;0.00485687541279466
654;balanced;entropy;;auto;2;2;best;0.7313048729594335;0.03558533962470907;0.907814967344746;0.00485687541279466
633;balanced;gini;20;log2;1;5;random;0.731066355101046;0.041474747571148156;0.8317144446847194;0.025076864383901144
730;balanced;entropy;5;sqrt;2;10;best;0.7309265272554543;0.05756086043601639;0.7723343475501139;0.00726265686345762
712;balanced;entropy;5;auto;2;10;best;0.7309265272554543;0.05756086043601639;0.7723343475501139;0.00726265686345762
588;balanced;gini;10;log2;4;2;best;0.7307000644477226;0.052983730082285914;0.8180128258798394;0.014630042255587741
590;balanced;gini;10;log2;4;5;best;0.7307000644477226;0.052983730082285914;0.8180128258798394;0.014630042255587741
50;;gini;;log2;4;5;best;0.7305148806686048;0.04525901528569204;0.8354355491691425;0.008690305095023002
48;;gini;;log2;4;2;best;0.7305148806686048;0.04525901528569204;0.8354355491691425;0.008690305095023002
846;balanced;entropy;20;log2;1;2;best;0.7304803980912279;0.057015860101442085;0.982510422201802;0.0061465207961175754
244;;entropy;;sqrt;2;10;best;0.7304759412342818;0.05781026675184856;0.8773154006998372;0.006989615553068317
226;;entropy;;auto;2;10;best;0.7304759412342818;0.05781026675184856;0.8773154006998372;0.006989615553068317
810;balanced;entropy;20;auto;1;2;best;0.7302981731826107;0.048638855052962525;0.9763314483743587;0.011895853789731908
828;balanced;entropy;20;sqrt;1;2;best;0.7302981731826107;0.048638855052962525;0.9763314483743587;0.011895853789731908
724;balanced;entropy;5;sqrt;1;10;best;0.730296847372043;0.052990311963261885;0.7733459035995236;0.010598818794778279
706;balanced;entropy;5;auto;1;10;best;0.730296847372043;0.052990311963261885;0.7733459035995236;0.010598818794778279
688;balanced;entropy;;log2;1;10;best;0.7302121536469848;0.05187780036094646;0.9001568600473094;0.004191068112899202
222;;entropy;;auto;2;2;best;0.7300873937239735;0.05436753237685799;0.9085050136393876;0.009768199277000305
240;;entropy;;sqrt;2;2;best;0.7300873937239735;0.05436753237685799;0.9085050136393876;0.009768199277000305
204;;gini;20;log2;2;2;best;0.7299406067348093;0.0597017106554409;0.8893874801271051;0.020890924722619844
850;balanced;entropy;20;log2;1;10;best;0.7298548283756894;0.044654583933125686;0.8938232622895889;0.008109925311126863
760;balanced;entropy;10;auto;1;10;best;0.7296241266027713;0.05987941602802333;0.8339883790206752;0.00891658431302737
778;balanced;entropy;10;sqrt;1;10;best;0.7296241266027713;0.05987941602802333;0.8339883790206752;0.00891658431302737
338;;entropy;10;auto;4;5;best;0.7295388158935977;0.055037386327600704;0.808527113196063;0.010673196257640545
336;;entropy;10;auto;4;2;best;0.7295388158935977;0.055037386327600704;0.808527113196063;0.010673196257640545
356;;entropy;10;sqrt;4;5;best;0.7295388158935977;0.055037386327600704;0.808527113196063;0.010673196257640545
354;;entropy;10;sqrt;4;2;best;0.7295388158935977;0.055037386327600704;0.808527113196063;0.010673196257640545
438;balanced;gini;;auto;2;2;best;0.7290966483216861;0.043324312819763865;0.9054832453430294;0.00903682961060884
456;balanced;gini;;sqrt;2;2;best;0.7290966483216861;0.043324312819763865;0.9054832453430294;0.00903682961060884
658;balanced;entropy;;auto;2;10;best;0.7289252256382645;0.048847734344899814;0.8818140028299645;0.004802703596889494
676;balanced;entropy;;sqrt;2;10;best;0.7289252256382645;0.048847734344899814;0.8818140028299645;0.004802703596889494
689;balanced;entropy;;log2;1;10;random;0.7288923653268753;0.0359280543422232;0.8604315431002979;0.006055626898326908
710;balanced;entropy;5;auto;2;5;best;0.7286107628779057;0.05991227662977766;0.7767471976371932;0.009155035676529876
708;balanced;entropy;5;auto;2;2;best;0.7286107628779057;0.05991227662977766;0.7767471976371932;0.009155035676529876
728;balanced;entropy;5;sqrt;2;5;best;0.7286107628779057;0.05991227662977766;0.7767471976371932;0.009155035676529876
726;balanced;entropy;5;sqrt;2;2;best;0.7286107628779057;0.05991227662977766;0.7767471976371932;0.009155035676529876
404;;entropy;20;sqrt;2;5;best;0.7284757757868887;0.03489294155201052;0.9024236421424771;0.004511984692623283
386;;entropy;20;auto;2;5;best;0.7284757757868887;0.03489294155201052;0.9024236421424771;0.004511984692623283
206;;gini;20;log2;2;5;best;0.7284671520811598;0.052309932201834275;0.8862236864075477;0.009568796221295193
254;;entropy;;log2;1;5;best;0.7283664431932204;0.04164320585692082;0.9433923221571746;0.0034844723553244254
836;balanced;entropy;20;sqrt;2;5;best;0.7281763307200786;0.049983031183657795;0.9014800501382627;0.007232073897608843
818;balanced;entropy;20;auto;2;5;best;0.7281763307200786;0.049983031183657795;0.9014800501382627;0.007232073897608843
702;balanced;entropy;5;auto;1;2;best;0.7281207256901074;0.055614657184041294;0.7796855449395735;0.008538033768242166
704;balanced;entropy;5;auto;1;5;best;0.7281207256901074;0.055614657184041294;0.7796855449395735;0.008538033768242166
720;balanced;entropy;5;sqrt;1;2;best;0.7281207256901074;0.055614657184041294;0.7796855449395735;0.008538033768242166
722;balanced;entropy;5;sqrt;1;5;best;0.7281207256901074;0.055614657184041294;0.7796855449395735;0.008538033768242166
504;balanced;gini;5;sqrt;1;2;best;0.7280526598402164;0.062308831889910134;0.7767363648204585;0.010404467400834233
506;balanced;gini;5;sqrt;1;5;best;0.7280526598402164;0.062308831889910134;0.776591080160746;0.010533106405269005
488;balanced;gini;5;auto;1;5;best;0.7280526598402164;0.062308831889910134;0.776591080160746;0.010533106405269005
486;balanced;gini;5;auto;1;2;best;0.7280526598402164;0.062308831889910134;0.7767363648204585;0.010404467400834233
473;balanced;gini;;log2;1;10;random;0.7279191639458761;0.06256938987194752;0.8609759897504734;0.0056965587597813385
656;balanced;entropy;;auto;2;5;best;0.7277828401932521;0.051082212428003065;0.900923648217532;0.008539572486160328
674;balanced;entropy;;sqrt;2;5;best;0.7277828401932521;0.051082212428003065;0.900923648217532;0.008539572486160328
41;;gini;;log2;1;10;random;0.7277288962676838;0.05868055734608314;0.8537900743479151;0.007709311680210308
433;balanced;gini;;auto;1;2;random;0.7277268100591838;0.031040703239627297;0.999699827148841;0.00010056884886122964
451;balanced;gini;;sqrt;1;2;random;0.7277268100591838;0.031040703239627297;0.999699827148841;0.00010056884886122964
144;;gini;10;log2;1;2;best;0.7277012769338337;0.0393126334150426;0.841395889933473;0.01453886022727273
378;;entropy;20;auto;1;2;best;0.7276005123679309;0.04943588693059423;0.9792597924069181;0.006378181811736148
396;;entropy;20;sqrt;1;2;best;0.7276005123679309;0.04943588693059423;0.9792597924069181;0.006378181811736148
700;balanced;entropy;;log2;4;10;best;0.7274237041281058;0.0588198329348479;0.8388894966496302;0.010984487463780522
416;;entropy;20;log2;1;5;best;0.727319916502554;0.047311207165858696;0.9302198924156416;0.0037672322159169524
436;balanced;gini;;auto;1;10;best;0.727244317851224;0.04799643070376774;0.9002663996920799;0.00633606203618955
454;balanced;gini;;sqrt;1;10;best;0.727244317851224;0.04799643070376774;0.9002663996920799;0.00633606203618955
758;balanced;entropy;10;auto;1;5;best;0.7272021195571281;0.0610927598230777;0.840861490473214;0.011836515843946962
776;balanced;entropy;10;sqrt;1;5;best;0.7272021195571281;0.0610927598230777;0.840861490473214;0.011836515843946962
252;;entropy;;log2;1;2;best;0.7271822122912293;0.03570460088569244;0.999699827148841;0.00010056884886122964
602;balanced;gini;20;auto;2;5;best;0.7271131651040681;0.05190371330521081;0.8927241342785905;0.00700073887774418
620;balanced;gini;20;sqrt;2;5;best;0.7271131651040681;0.05190371330521081;0.8927241342785905;0.00700073887774418
220;;entropy;;auto;1;10;best;0.727060817387701;0.05120029912911383;0.901555071452049;0.003667294146495305
238;;entropy;;sqrt;1;10;best;0.727060817387701;0.05120029912911383;0.901555071452049;0.003667294146495305
358;;entropy;10;sqrt;4;10;best;0.7270208173850181;0.05634610564453915;0.812416398523828;0.010380047458258412
340;;entropy;10;auto;4;10;best;0.7270208173850181;0.05634610564453915;0.812416398523828;0.010380047458258412
794;balanced;entropy;10;log2;1;5;best;0.7265722773708007;0.06571263624722093;0.834486774454785;0.00938591729854875
414;;entropy;20;log2;1;2;best;0.7263295007956632;0.056881613252878806;0.9717249562895098;0.010353957778834915
646;balanced;gini;20;log2;4;10;best;0.72629069628232;0.03792406063174701;0.8427155349209728;0.00843684832313375
482;balanced;gini;;log2;4;5;best;0.7261104379301244;0.0402067522503312;0.8506202183172876;0.006682488142726598
480;balanced;gini;;log2;4;2;best;0.7261104379301244;0.0402067522503312;0.8506202183172876;0.006682488142726598
687;balanced;entropy;;log2;1;5;random;0.7260743828095653;0.04824557398625476;0.904631787980923;0.004313860607360692
214;;gini;20;log2;4;10;best;0.7260035751857817;0.059051938901520225;0.8319090772271982;0.0127671902866391
122;;gini;10;auto;4;5;best;0.7258972293609356;0.04679606380542375;0.8082928531218633;0.011285177711859065
120;;gini;10;auto;4;2;best;0.7258972293609356;0.04679606380542375;0.8082928531218633;0.011285177711859065
140;;gini;10;sqrt;4;5;best;0.7258972293609356;0.04679606380542375;0.8082928531218633;0.011285177711859065
138;;gini;10;sqrt;4;2;best;0.7258972293609356;0.04679606380542375;0.8082928531218633;0.011285177711859065
617;balanced;gini;20;sqrt;1;10;random;0.7257821618478233;0.061844947825525055;0.8225154881581901;0.014523170821746305
599;balanced;gini;20;auto;1;10;random;0.7257821618478233;0.061844947825525055;0.8225154881581901;0.014523170821746305
644;balanced;gini;20;log2;4;5;best;0.7256567416511152;0.03887020402144138;0.8498900538731604;0.006004363888633693
642;balanced;gini;20;log2;4;2;best;0.7256567416511152;0.03887020402144138;0.8498900538731604;0.006004363888633693
566;balanced;gini;10;sqrt;2;5;best;0.7255391366077809;0.07250272218658302;0.8402113078434811;0.012734390721557479
548;balanced;gini;10;auto;2;5;best;0.7255391366077809;0.07250272218658302;0.8402113078434811;0.012734390721557479
0;;gini;;auto;1;2;best;0.7254675362093078;0.04352527297797499;0.999699827148841;0.00010056884886122964
18;;gini;;sqrt;1;2;best;0.7254675362093078;0.04352527297797499;0.999699827148841;0.00010056884886122964
182;;gini;20;sqrt;1;5;best;0.7253912148438693;0.05403658108076558;0.9330484983735697;0.0041156702376205214
164;;gini;20;auto;1;5;best;0.7253912148438693;0.05403658108076558;0.9330484983735697;0.0041156702376205214
479;balanced;gini;;log2;2;10;random;0.725380084454587;0.06346132967434363;0.8033183060198616;0.020863049766458305
208;;gini;20;log2;2;10;best;0.7253553526264274;0.07234625694456437;0.8653834202633606;0.010442221365481957
360;;entropy;10;log2;1;2;best;0.7252701604210092;0.043614807278184044;0.8331898654931807;0.014793444551360497
736;balanced;entropy;5;sqrt;4;10;best;0.7250585966589477;0.05829703450357718;0.7719843175437325;0.007484748917923855
718;balanced;entropy;5;auto;4;10;best;0.7250585966589477;0.05829703450357718;0.7719843175437325;0.007484748917923855
158;;gini;10;log2;4;5;best;0.7250051190728563;0.048825022727810245;0.8074059818503105;0.014561526684153541
156;;gini;10;log2;4;2;best;0.7250051190728563;0.048825022727810245;0.8074059818503105;0.014561526684153541
815;balanced;entropy;20;auto;1;10;random;0.7248593063595745;0.0664004407390044;0.8220729819432748;0.013239452901676099
833;balanced;entropy;20;sqrt;1;10;random;0.7248593063595745;0.0664004407390044;0.8220729819432748;0.013239452901676099
596;balanced;gini;20;auto;1;5;best;0.7247977447489253;0.048269173597045224;0.9355319471456959;0.0033305378867590643
614;balanced;gini;20;sqrt;1;5;best;0.7247977447489253;0.048269173597045224;0.9355319471456959;0.0033305378867590643
544;balanced;gini;10;auto;1;10;best;0.7247684654826404;0.05308254727251948;0.8383372806510383;0.015441909069005352
562;balanced;gini;10;sqrt;1;10;best;0.7247684654826404;0.05308254727251948;0.8383372806510383;0.015441909069005352
134;;gini;10;sqrt;2;5;best;0.724504587565712;0.05510150135372706;0.8275659539794195;0.014150742460292255
116;;gini;10;auto;2;5;best;0.724504587565712;0.05510150135372706;0.8275659539794195;0.014150742460292255
28;;gini;;sqrt;2;10;best;0.7243853861127834;0.06698488272618873;0.8699469545829526;0.004576286947278201
10;;gini;;auto;2;10;best;0.7243853861127834;0.06698488272618873;0.8699469545829526;0.004576286947278201
258;;entropy;;log2;2;2;best;0.7242963782493549;0.05918376712028549;0.8912804025463081;0.01824123967244774
574;balanced;gini;10;sqrt;4;10;best;0.7239832448305275;0.05034762790206826;0.8227082919525399;0.0069682394393002145
556;balanced;gini;10;auto;4;10;best;0.7239832448305275;0.05034762790206826;0.8227082919525399;0.0069682394393002145
855;balanced;entropy;20;log2;2;5;random;0.7239381717322702;0.06666103601176768;0.7900105579978137;0.016657392927746064
212;;gini;20;log2;4;5;best;0.723862510800383;0.0439967549683542;0.8390295683730624;0.006848775377603986
210;;gini;20;log2;4;2;best;0.723862510800383;0.0439967549683542;0.8390295683730624;0.006848775377603986
798;balanced;entropy;10;log2;2;2;best;0.7238434988688371;0.05402959210532516;0.8302790510020571;0.009599569238140246
612;balanced;gini;20;sqrt;1;2;best;0.7238214330190174;0.04284952965650631;0.9858874885166813;0.006467743186864858
594;balanced;gini;20;auto;1;2;best;0.7238214330190174;0.04284952965650631;0.9858874885166813;0.006467743186864858
584;balanced;gini;10;log2;2;5;best;0.7234296371253142;0.060101966908897186;0.8308737319608648;0.010567502179904736
734;balanced;entropy;5;sqrt;4;5;best;0.7231981315426685;0.059457896396736834;0.7722871484306411;0.007155341251919782
714;balanced;entropy;5;auto;4;2;best;0.7231981315426685;0.059457896396736834;0.7722871484306411;0.007155341251919782
716;balanced;entropy;5;auto;4;5;best;0.7231981315426685;0.059457896396736834;0.7722871484306411;0.007155341251919782
732;balanced;entropy;5;sqrt;4;2;best;0.7231981315426685;0.059457896396736834;0.7722871484306411;0.007155341251919782
686;balanced;entropy;;log2;1;5;best;0.7231676022445321;0.03412137780937553;0.9426660350835604;0.0046769638302534885
152;;gini;10;log2;2;5;best;0.7231471657058082;0.044409586628275786;0.8250450533434484;0.013577732439750786
225;;entropy;;auto;2;5;random;0.7231416488279405;0.05441149688263587;0.8180758442335765;0.015397241885860006
243;;entropy;;sqrt;2;5;random;0.7231416488279405;0.05441149688263587;0.8180758442335765;0.015397241885860006
453;balanced;gini;;sqrt;1;5;random;0.7231205146974526;0.04654944395610686;0.908436719018162;0.004947229136842844
435;balanced;gini;;auto;1;5;random;0.7231205146974526;0.04654944395610686;0.908436719018162;0.004947229136842844
420;;entropy;20;log2;2;2;best;0.7230869619022144;0.05846318564521184;0.8913332814688628;0.01597391793576356
671;balanced;entropy;;sqrt;1;10;random;0.723027437626755;0.050435965075054955;0.8675880291809139;0.003784271923100828
653;balanced;entropy;;auto;1;10;random;0.723027437626755;0.050435965075054955;0.8675880291809139;0.003784271923100828
668;balanced;entropy;;sqrt;1;5;best;0.7229980006098227;0.056099075030105125;0.9480726718454966;0.0034552433020020217
650;balanced;entropy;;auto;1;5;best;0.7229980006098227;0.056099075030105125;0.9480726718454966;0.0034552433020020217
344;;entropy;10;sqrt;1;5;best;0.7229923696882252;0.04643334969919332;0.8311456789635774;0.01314571887866846
326;;entropy;10;auto;1;5;best;0.7229923696882252;0.04643334969919332;0.8311456789635774;0.01314571887866846
42;;gini;;log2;2;2;best;0.7229593878897538;0.05677321705440157;0.8968557463580437;0.013883303733639782
772;balanced;entropy;10;auto;4;10;best;0.7229286394578831;0.07011559211793772;0.8236498034948015;0.006685415276872021
790;balanced;entropy;10;sqrt;4;10;best;0.7229286394578831;0.07011559211793772;0.8236498034948015;0.006685415276872021
554;balanced;gini;10;auto;4;5;best;0.7229007658550662;0.043436915748661355;0.8246644659370966;0.006215804488876451
572;balanced;gini;10;sqrt;4;5;best;0.7229007658550662;0.043436915748661355;0.8246644659370966;0.006215804488876451
552;balanced;gini;10;auto;4;2;best;0.7229007658550662;0.043436915748661355;0.8246644659370966;0.006215804488876451
570;balanced;gini;10;sqrt;4;2;best;0.7229007658550662;0.043436915748661355;0.8246644659370966;0.006215804488876451
40;;gini;;log2;1;10;best;0.7228515395967268;0.06100534634038797;0.8887507932364536;0.005335144051599238
854;balanced;entropy;20;log2;2;5;best;0.7226635854705249;0.05540365147350808;0.8916587711958501;0.009655087342276185
366;;entropy;10;log2;2;2;best;0.7224898197975841;0.056703163899782166;0.8157191218151768;0.017088745865679465
237;;entropy;;sqrt;1;5;random;0.7224574621825345;0.034895777101227;0.9075516800266126;0.002986473941483628
219;;entropy;;auto;1;5;random;0.7224574621825345;0.034895777101227;0.9075516800266126;0.002986473941483628
651;balanced;entropy;;auto;1;5;random;0.7222924577566874;0.04894635017846671;0.9070817426778326;0.004514617454891985
669;balanced;entropy;;sqrt;1;5;random;0.7222924577566874;0.04894635017846671;0.9070817426778326;0.004514617454891985
691;balanced;entropy;;log2;2;2;random;0.7222483360357976;0.05487494375832487;0.8211397517419627;0.01316054692017302
690;balanced;entropy;;log2;2;2;best;0.7221643615153059;0.040097058736256096;0.9044786844817232;0.010107826091678594
418;;entropy;20;log2;1;10;best;0.7221362659843404;0.047456939025599255;0.8888811240751984;0.008989249597449872
346;;entropy;10;sqrt;1;10;best;0.7221322824755874;0.05845352411788401;0.8150585983415691;0.008955262018688875
328;;entropy;10;auto;1;10;best;0.7221322824755874;0.05845352411788401;0.8150585983415691;0.008955262018688875
618;balanced;gini;20;sqrt;2;2;best;0.7221273170308551;0.0422047116817249;0.9083074351624998;0.0051316707232106455
600;balanced;gini;20;auto;2;2;best;0.7221273170308551;0.0422047116817249;0.9083074351624998;0.0051316707232106455
216;;entropy;;auto;1;2;best;0.7219728730219831;0.058755139770414154;0.999699827148841;0.00010056884886122964
234;;entropy;;sqrt;1;2;best;0.7219728730219831;0.058755139770414154;0.999699827148841;0.00010056884886122964
631;balanced;gini;20;log2;1;2;random;0.7219595258309353;0.04966352453200241;0.8533795764489318;0.017684353935276034
643;balanced;gini;20;log2;4;2;random;0.7219587297818914;0.06707653050054382;0.7616158163529898;0.01592870213141741
645;balanced;gini;20;log2;4;5;random;0.7219587297818914;0.06707653050054382;0.7616158163529898;0.01592870213141741
27;;gini;;sqrt;2;5;random;0.7219572412329889;0.051168427844719776;0.8189392285670429;0.017095191442008245
9;;gini;;auto;2;5;random;0.7219572412329889;0.051168427844719776;0.8189392285670429;0.017095191442008245
586;balanced;gini;10;log2;2;10;best;0.7219379446499434;0.051956577538006414;0.8311058119356508;0.00838994435216973
146;;gini;10;log2;1;5;best;0.7218403036190745;0.061326251030436776;0.8366465212586054;0.009021468869840227
623;balanced;gini;20;sqrt;2;10;random;0.7218267925958883;0.05667503494076743;0.7962637469619491;0.014292716744924855
605;balanced;gini;20;auto;2;10;random;0.7218267925958883;0.05667503494076743;0.7962637469619491;0.014292716744924855
180;;gini;20;sqrt;1;2;best;0.7217589138753077;0.06559007177789657;0.983768143687992;0.00640544147471637
162;;gini;20;auto;1;2;best;0.7217589138753077;0.06559007177789657;0.983768143687992;0.00640544147471637
856;balanced;entropy;20;log2;2;10;best;0.7216690220576087;0.05933780727581015;0.8752341795209164;0.004713906331449583
520;balanced;gini;5;sqrt;4;10;best;0.7216545032145522;0.05346797688481158;0.7768325180319302;0.007450020669292884
502;balanced;gini;5;auto;4;10;best;0.7216545032145522;0.05346797688481158;0.7768325180319302;0.007450020669292884
255;;entropy;;log2;1;5;random;0.7215273040029305;0.05730201759990298;0.9048995939120174;0.004869738530930538
468;balanced;gini;;log2;1;2;best;0.7214591239096019;0.05943222252627301;0.999699827148841;0.00010056884886122964
824;balanced;entropy;20;auto;4;5;best;0.7214534613206122;0.06584676790925337;0.8557420991932891;0.008870724276783242
822;balanced;entropy;20;auto;4;2;best;0.7214534613206122;0.06584676790925337;0.8557420991932891;0.008870724276783242
840;balanced;entropy;20;sqrt;4;2;best;0.7214534613206122;0.06584676790925337;0.8557420991932891;0.008870724276783242
842;balanced;entropy;20;sqrt;4;5;best;0.7214534613206122;0.06584676790925337;0.8557420991932891;0.008870724276783242
508;balanced;gini;5;sqrt;1;10;best;0.7213421928656449;0.05708839175490607;0.7762078350808468;0.009916224287637644
490;balanced;gini;5;auto;1;10;best;0.7213421928656449;0.05708839175490607;0.7762078350808468;0.009916224287637644
471;balanced;gini;;log2;1;5;random;0.7211205495505133;0.04014637164340915;0.9044123963693039;0.006599823890669938
598;balanced;gini;20;auto;1;10;best;0.7208101575961936;0.051908873132334464;0.8986616634836035;0.0053141238889444
616;balanced;gini;20;sqrt;1;10;best;0.7208101575961936;0.051908873132334464;0.8986616634836035;0.0053141238889444
25;;gini;;sqrt;2;2;random;0.7207492487079155;0.04836152831957287;0.823917418225472;0.015641102485661633
7;;gini;;auto;2;2;random;0.7207492487079155;0.04836152831957287;0.823917418225472;0.015641102485661633
622;balanced;gini;20;sqrt;2;10;best;0.72071467818609;0.0592747014250284;0.8757344559475282;0.009807281956720516
604;balanced;gini;20;auto;2;10;best;0.72071467818609;0.0592747014250284;0.8757344559475282;0.009807281956720516
24;;gini;;sqrt;2;2;best;0.7205193351118877;0.052371547220675635;0.9071823764719706;0.006677478367156618
6;;gini;;auto;2;2;best;0.7205193351118877;0.052371547220675635;0.9071823764719706;0.006677478367156618
200;;gini;20;log2;1;5;best;0.7204861698453524;0.04968244437415673;0.9334488524286524;0.005190752388227057
682;balanced;entropy;;sqrt;4;10;best;0.7204573887664683;0.05357641077285226;0.8561762758534076;0.0076906434656957645
664;balanced;entropy;;auto;4;10;best;0.7204573887664683;0.05357641077285226;0.8561762758534076;0.0076906434656957645
852;balanced;entropy;20;log2;2;2;best;0.720385712340339;0.04025339715435043;0.903648337799339;0.005999123840822651
172;;gini;20;auto;2;10;best;0.7203262135507306;0.06231025931908482;0.8652651329649592;0.010949924702446467
190;;gini;20;sqrt;2;10;best;0.7203262135507306;0.06231025931908482;0.8652651329649592;0.010949924702446467
568;balanced;gini;10;sqrt;2;10;best;0.7202659716458887;0.05759298135823332;0.8285995539168478;0.012469932927787222
550;balanced;gini;10;auto;2;10;best;0.7202659716458887;0.05759298135823332;0.8285995539168478;0.012469932927787222
518;balanced;gini;5;sqrt;4;5;best;0.7202519907382141;0.053489230549875005;0.7755858422288338;0.006382242968274456
500;balanced;gini;5;auto;4;5;best;0.7202519907382141;0.053489230549875005;0.7755858422288338;0.006382242968274456
516;balanced;gini;5;sqrt;4;2;best;0.7202519907382141;0.053489230549875005;0.7755858422288338;0.006382242968274456
498;balanced;gini;5;auto;4;2;best;0.7202519907382141;0.053489230549875005;0.7755858422288338;0.006382242968274456
522;balanced;gini;5;log2;1;2;best;0.7202175761226978;0.055885257552731236;0.7694460159845371;0.016858072932717606
834;balanced;entropy;20;sqrt;2;2;best;0.7201002716444037;0.05615816573269058;0.9000658137279055;0.009526731866475775
816;balanced;entropy;20;auto;2;2;best;0.7201002716444037;0.05615816573269058;0.9000658137279055;0.009526731866475775
402;;entropy;20;sqrt;2;2;best;0.7200748295288293;0.04000180161406772;0.8977962167115452;0.019868961719711208
384;;entropy;20;auto;2;2;best;0.7200748295288293;0.04000180161406772;0.8977962167115452;0.019868961719711208
44;;gini;;log2;2;5;best;0.7199951762405635;0.06849210830383441;0.8936424234092639;0.007860942152346664
38;;gini;;log2;1;5;best;0.7198715588487661;0.05589974122156964;0.9378945108678416;0.0029662394811134874
576;balanced;gini;10;log2;1;2;best;0.7197864726536205;0.051466058861202015;0.8548266181946811;0.013636503501962547
592;balanced;gini;10;log2;4;10;best;0.7197071673387586;0.044431348025748336;0.8155782033038165;0.010760940740890419
659;balanced;entropy;;auto;2;10;random;0.7196728893330391;0.060255938762698864;0.8165682235559496;0.015380890903229564
677;balanced;entropy;;sqrt;2;10;random;0.7196728893330391;0.060255938762698864;0.8165682235559496;0.015380890903229564
808;balanced;entropy;10;log2;4;10;best;0.7194773875476338;0.06037921573801943;0.8089794038699933;0.010261018159608616
694;balanced;entropy;;log2;2;10;best;0.7192518836733149;0.05582799847554317;0.8760980614416223;0.004583612541083854
638;balanced;gini;20;log2;2;5;best;0.719251564914613;0.056017750174427124;0.893105263013361;0.007121368875150469
52;;gini;;log2;4;10;best;0.7191526030936638;0.06389516457915334;0.8258903422397343;0.03279941356862172
203;;gini;20;log2;1;10;random;0.7191023238933847;0.0567442438170679;0.8011825913279326;0.01887975486505421
662;balanced;entropy;;auto;4;5;best;0.7187780143026177;0.06776299850584604;0.8554360899715009;0.0046840432889315815
678;balanced;entropy;;sqrt;4;2;best;0.7187780143026177;0.06776299850584604;0.8554360899715009;0.0046840432889315815
660;balanced;entropy;;auto;4;2;best;0.7187780143026177;0.06776299850584604;0.8554360899715009;0.0046840432889315815
680;balanced;entropy;;sqrt;4;5;best;0.7187780143026177;0.06776299850584604;0.8554360899715009;0.0046840432889315815
442;balanced;gini;;auto;2;10;best;0.7187770498020833;0.052054769804725065;0.8826134524357704;0.006389408673238649
460;balanced;gini;;sqrt;2;10;best;0.7187770498020833;0.052054769804725065;0.8826134524357704;0.006389408673238649
832;balanced;entropy;20;sqrt;1;10;best;0.7186443045283555;0.06116609464270476;0.9015397936034244;0.004420134643836591
814;balanced;entropy;20;auto;1;10;best;0.7186443045283555;0.06116609464270476;0.9015397936034244;0.004420134643836591
792;balanced;entropy;10;log2;1;2;best;0.7184555614739505;0.07398392019088527;0.8439102376450988;0.013386467720503142
466;balanced;gini;;sqrt;4;10;best;0.7183823294883105;0.05203519560376329;0.8504242116965968;0.008784705270709467
448;balanced;gini;;auto;4;10;best;0.7183823294883105;0.05203519560376329;0.8504242116965968;0.008784705270709467
474;balanced;gini;;log2;2;2;best;0.718231395015185;0.050968176029285224;0.9022734929072002;0.008447941181868894
192;;gini;20;sqrt;4;2;best;0.7182232273474302;0.06740047335371106;0.8481998484475672;0.009123938776742536
194;;gini;20;sqrt;4;5;best;0.7182232273474302;0.06740047335371106;0.8481998484475672;0.009123938776742536
174;;gini;20;auto;4;2;best;0.7182232273474302;0.06740047335371106;0.8481998484475672;0.009123938776742536
176;;gini;20;auto;4;5;best;0.7182232273474302;0.06740047335371106;0.8481998484475672;0.009123938776742536
253;;entropy;;log2;1;2;random;0.7181690240611238;0.05571671926467465;0.999699827148841;0.00010056884886122964
330;;entropy;10;auto;2;2;best;0.7180199241019067;0.058789935494664936;0.8230649348458732;0.01940050450278835
348;;entropy;10;sqrt;2;2;best;0.7180199241019067;0.058789935494664936;0.8230649348458732;0.01940050450278835
334;;entropy;10;auto;2;10;best;0.7179262666594658;0.046152898801481455;0.8145585520069558;0.010749252974489774
352;;entropy;10;sqrt;2;10;best;0.7179262666594658;0.046152898801481455;0.8145585520069558;0.010749252974489774
332;;entropy;10;auto;2;5;best;0.7179218694380354;0.06491926669750278;0.8234466354762284;0.013061792350287977
350;;entropy;10;sqrt;2;5;best;0.7179218694380354;0.06491926669750278;0.8234466354762284;0.013061792350287977
476;balanced;gini;;log2;2;5;best;0.717812751531223;0.029390446691556694;0.8931055911571868;0.008477018307767386
847;balanced;entropy;20;log2;1;2;random;0.7176495289883265;0.043976554509519275;0.8523013045763769;0.02401553241003773
262;;entropy;;log2;2;10;best;0.7174897373779147;0.05895099850246227;0.8688550263208779;0.00862903118881198
29;;gini;;sqrt;2;10;random;0.7174387687722183;0.06064813013314123;0.8150012708316812;0.014154098232962304
11;;gini;;auto;2;10;random;0.7174387687722183;0.06064813013314123;0.8150012708316812;0.014154098232962304
630;balanced;gini;20;log2;1;2;best;0.7173503610625482;0.05694644248356741;0.9897495407500367;0.00608895807464885
578;balanced;gini;10;log2;1;5;best;0.7173250498877641;0.08015545822534928;0.8437319442477393;0.012040180361432692
853;balanced;entropy;20;log2;2;2;random;0.7170623055877738;0.06983001147663244;0.7975549572649697;0.016505903664901293
426;;entropy;20;log2;4;2;best;0.7170431043513814;0.06267300393833689;0.8382874899485697;0.011222445228638266
428;;entropy;20;log2;4;5;best;0.7170431043513814;0.06267300393833689;0.8382874899485697;0.011222445228638266
148;;gini;10;log2;1;10;best;0.7170306331393148;0.051657382442774444;0.8288734894109572;0.009430733250363237
108;;gini;10;auto;1;2;best;0.7169563311922704;0.05826522778294354;0.8452349753359327;0.01188064268506876
126;;gini;10;sqrt;1;2;best;0.7169563311922704;0.05826522778294354;0.8452349753359327;0.01188064268506876
110;;gini;10;auto;1;5;best;0.7168687906137177;0.05245783123155811;0.8335216889397806;0.014479782028354593
128;;gini;10;sqrt;1;5;best;0.7168687906137177;0.05245783123155811;0.8335216889397806;0.014479782028354593
424;;entropy;20;log2;2;10;best;0.7166369993910021;0.04938445941205701;0.8662786728588809;0.003996628222612398
524;balanced;gini;5;log2;1;5;best;0.7163427278832784;0.05446788386543162;0.7681981859147115;0.016755935257762117
245;;entropy;;sqrt;2;10;random;0.7160884672003859;0.05381951901314814;0.8120853262700807;0.014208576835045929
227;;entropy;;auto;2;10;random;0.7160884672003859;0.05381951901314814;0.8120853262700807;0.014208576835045929
142;;gini;10;sqrt;4;10;best;0.7159514112391955;0.05873146421805751;0.8108842861576478;0.00884320725006357
124;;gini;10;auto;4;10;best;0.7159514112391955;0.05873146421805751;0.8108842861576478;0.00884320725006357
546;balanced;gini;10;auto;2;2;best;0.715946955598266;0.04861808322328689;0.839431022724116;0.010796176585340997
564;balanced;gini;10;sqrt;2;2;best;0.715946955598266;0.04861808322328689;0.839431022724116;0.010796176585340997
112;;gini;10;auto;1;10;best;0.7158601885129098;0.06059912808631042;0.8310277527788476;0.016469534601902237
130;;gini;10;sqrt;1;10;best;0.7158601885129098;0.06059912808631042;0.8310277527788476;0.016469534601902237
692;balanced;entropy;;log2;2;5;best;0.7158027949458747;0.05134230375562966;0.8937203750000704;0.017365879631286454
441;balanced;gini;;auto;2;5;random;0.7157648104211184;0.0682703077627314;0.822454553075314;0.015702129237913788
459;balanced;gini;;sqrt;2;5;random;0.7157648104211184;0.0682703077627314;0.822454553075314;0.015702129237913788
514;balanced;gini;5;sqrt;2;10;best;0.71571071574135;0.061737180970611066;0.7746439885245435;0.009356662297600031
496;balanced;gini;5;auto;2;10;best;0.71571071574135;0.061737180970611066;0.7746439885245435;0.009356662297600031
540;balanced;gini;10;auto;1;2;best;0.7156117398470185;0.06701316776280075;0.8567789401646877;0.006367798938259684
558;balanced;gini;10;sqrt;1;2;best;0.7156117398470185;0.06701316776280075;0.8567789401646877;0.006367798938259684
528;balanced;gini;5;log2;2;2;best;0.7156054642185462;0.05405801458975888;0.7678139220252675;0.016680643022733734
530;balanced;gini;5;log2;2;5;best;0.7156054642185462;0.05405801458975888;0.7677878602592539;0.016667989663103792
849;balanced;entropy;20;log2;1;5;random;0.7156003201613393;0.06503750691863865;0.8332689287757737;0.017460617036741892
657;balanced;entropy;;auto;2;5;random;0.7154601690118664;0.06663347882766012;0.8148510156224376;0.014327184259609903
675;balanced;entropy;;sqrt;2;5;random;0.7154601690118664;0.06663347882766012;0.8148510156224376;0.014327184259609903
408;;entropy;20;sqrt;4;2;best;0.7154411672159705;0.04436518194553891;0.8455231407789995;0.011120695598189158
410;;entropy;20;sqrt;4;5;best;0.7154411672159705;0.04436518194553891;0.8455231407789995;0.011120695598189158
392;;entropy;20;auto;4;5;best;0.7154411672159705;0.04436518194553891;0.8455231407789995;0.011120695598189158
390;;entropy;20;auto;4;2;best;0.7154411672159705;0.04436518194553891;0.8455231407789995;0.011120695598189158
39;;gini;;log2;1;5;random;0.7154355428199901;0.04285994346279054;0.9048299943974284;0.0037313596464909515
458;balanced;gini;;sqrt;2;5;best;0.7151174317529915;0.050723561039194336;0.9003165722922406;0.007637597739193652
440;balanced;gini;;auto;2;5;best;0.7151174317529915;0.050723561039194336;0.9003165722922406;0.007637597739193652
221;;entropy;;auto;1;10;random;0.7149798360424352;0.046582638076387;0.8582701681826155;0.006848705821232937
239;;entropy;;sqrt;1;10;random;0.7149798360424352;0.046582638076387;0.8582701681826155;0.006848705821232937
483;balanced;gini;;log2;4;5;random;0.714941175895697;0.06424388147130711;0.7731773151910597;0.006397616415603735
481;balanced;gini;;log2;4;2;random;0.714941175895697;0.06424388147130711;0.7731773151910597;0.006397616415603735
695;balanced;entropy;;log2;2;10;random;0.7148011415316393;0.065373078087341;0.8020966666610917;0.018017643497249703
257;;entropy;;log2;1;10;random;0.7147776227274403;0.05472610825467989;0.8543676596769952;0.005842188848930392
837;balanced;entropy;20;sqrt;2;5;random;0.7145880887701012;0.06098030288505282;0.8065442448421033;0.01060927256396475
819;balanced;entropy;20;auto;2;5;random;0.7145880887701012;0.06098030288505282;0.8065442448421033;0.01060927256396475
701;balanced;entropy;;log2;4;10;random;0.7143522085537637;0.06287920925168555;0.7704637988598788;0.008367480705144254
37;;gini;;log2;1;2;random;0.7143493145602262;0.04888255587495495;0.999699827148841;0.00010056884886122964
412;;entropy;20;sqrt;4;10;best;0.7142082947117835;0.05504999943636483;0.8490226290864221;0.014146483403273652
394;;entropy;20;auto;4;10;best;0.7142082947117835;0.05504999943636483;0.8490226290864221;0.014146483403273652
485;balanced;gini;;log2;4;10;random;0.7140621842426633;0.056851842174872144;0.7668536188458274;0.009889746143355107
136;;gini;10;sqrt;2;10;best;0.7140074222017898;0.06193732254188175;0.8232447762171848;0.014770480163875763
118;;gini;10;auto;2;10;best;0.7140074222017898;0.06193732254188175;0.8232447762171848;0.014770480163875763
364;;entropy;10;log2;1;10;best;0.7136417222931198;0.06211740601239012;0.8167481170747409;0.017234620518719015
862;balanced;entropy;20;log2;4;10;best;0.7136281846497134;0.06583065944149546;0.8436333551639056;0.007580366053497624
666;balanced;entropy;;sqrt;1;2;best;0.7132299557004946;0.06264405588067466;0.999699827148841;0.00010056884886122964
648;balanced;entropy;;auto;1;2;best;0.7132299557004946;0.06264405588067466;0.999699827148841;0.00010056884886122964
199;;gini;20;log2;1;2;random;0.7132058941570333;0.05722347073077279;0.8545487722553444;0.022802282748235606
23;;gini;;sqrt;1;10;random;0.7131336996967919;0.05916508420175501;0.8562629968823806;0.006656402933845698
5;;gini;;auto;1;10;random;0.7131336996967919;0.05916508420175501;0.8562629968823806;0.006656402933845698
236;;entropy;;sqrt;1;5;best;0.7131194888556578;0.053400214943655114;0.9466876333489147;0.003613909225497108
218;;entropy;;auto;1;5;best;0.7131194888556578;0.053400214943655114;0.9466876333489147;0.003613909225497108
376;;entropy;10;log2;4;10;best;0.7128760151975304;0.06827011745307704;0.797906879345864;0.016724663560019396
639;balanced;gini;20;log2;2;5;random;0.7128582560739708;0.07258278890011201;0.7921832610021438;0.011590349809133083
261;;entropy;;log2;2;5;random;0.7126113968704607;0.04845895069302465;0.8089460959215644;0.016005532331069505
372;;entropy;10;log2;4;2;best;0.7125871611062515;0.0602622356027247;0.803067787712132;0.012474226740799278
374;;entropy;10;log2;4;5;best;0.7125871611062515;0.0602622356027247;0.803067787712132;0.012474226740799278
475;balanced;gini;;log2;2;2;random;0.712582435685776;0.05305823873620942;0.8172751113887042;0.019236045823491196
228;;entropy;;auto;4;2;best;0.7125535458386386;0.04110158425685412;0.850984505000015;0.007633925090665777
230;;entropy;;auto;4;5;best;0.7125535458386386;0.04110158425685412;0.850984505000015;0.007633925090665777
248;;entropy;;sqrt;4;5;best;0.7125535458386386;0.04110158425685412;0.850984505000015;0.007633925090665777
246;;entropy;;sqrt;4;2;best;0.7125535458386386;0.04110158425685412;0.850984505000015;0.007633925090665777
154;;gini;10;log2;2;10;best;0.7125371458225188;0.08547577422829003;0.8167363035143458;0.01410353720296533
595;balanced;gini;20;auto;1;2;random;0.7123960278411392;0.056982992919145874;0.8651078558793476;0.02200491727348032
613;balanced;gini;20;sqrt;1;2;random;0.7123960278411392;0.056982992919145874;0.8651078558793476;0.02200491727348032
693;balanced;entropy;;log2;2;5;random;0.7123213781964088;0.056931623879698544;0.8145395458482134;0.01281547619269192
492;balanced;gini;5;auto;2;2;best;0.7122449892446121;0.060198745958538996;0.769933323735154;0.01309131932337652
512;balanced;gini;5;sqrt;2;5;best;0.7122449892446121;0.060198745958538996;0.7699073691941141;0.013111917040183524
510;balanced;gini;5;sqrt;2;2;best;0.7122449892446121;0.060198745958538996;0.769933323735154;0.01309131932337652
494;balanced;gini;5;auto;2;5;best;0.7122449892446121;0.060198745958538996;0.7699073691941141;0.013111917040183524
186;;gini;20;sqrt;2;2;best;0.7119345554531035;0.059796357088681966;0.9012139676125603;0.008271327681722352
168;;gini;20;auto;2;2;best;0.7119345554531035;0.059796357088681966;0.9012139676125603;0.008271327681722352
266;;entropy;;log2;4;5;best;0.7117408093325482;0.0705147343635138;0.8429111075858616;0.010151176432260801
264;;entropy;;log2;4;2;best;0.7117408093325482;0.0705147343635138;0.8429111075858616;0.010151176432260801
469;balanced;gini;;log2;1;2;random;0.7115662867831707;0.048060085047185425;0.999699827148841;0.00010056884886122964
368;;entropy;10;log2;2;5;best;0.7115006840792736;0.05649594737774406;0.8100032912519692;0.014099996186757387
863;balanced;entropy;20;log2;4;10;random;0.7113405678191503;0.05756636001046242;0.7660489436495531;0.006643158295218054
526;balanced;gini;5;log2;1;10;best;0.7112856870834984;0.05418512365898968;0.7623186289472351;0.017278415547022384
188;;gini;20;sqrt;2;5;best;0.7112451450203421;0.05323168851842708;0.8897698712100682;0.014476903206314472
170;;gini;20;auto;2;5;best;0.7112451450203421;0.05323168851842708;0.8897698712100682;0.014476903206314472
601;balanced;gini;20;auto;2;2;random;0.711243748805398;0.055155622107549776;0.7943400462203056;0.015095316136505893
619;balanced;gini;20;sqrt;2;2;random;0.711243748805398;0.055155622107549776;0.7943400462203056;0.015095316136505893
379;;entropy;20;auto;1;2;random;0.7112435800594741;0.07506948856111464;0.8633820864755144;0.017586258675369674
397;;entropy;20;sqrt;1;2;random;0.7112435800594741;0.07506948856111464;0.8633820864755144;0.017586258675369674
20;;gini;;sqrt;1;5;best;0.7110232331501564;0.04428761311553952;0.9431106451754804;0.0039900604949856516
2;;gini;;auto;1;5;best;0.7110232331501564;0.04428761311553952;0.9431106451754804;0.0039900604949856516
406;;entropy;20;sqrt;2;10;best;0.7105908628449448;0.04757647735450473;0.8725371538536375;0.008863527870450588
388;;entropy;20;auto;2;10;best;0.7105908628449448;0.04757647735450473;0.8725371538536375;0.008863527870450588
4;;gini;;auto;1;10;best;0.7105232831684377;0.06390464054226824;0.8926861962911534;0.006867316139163005
22;;gini;;sqrt;1;10;best;0.7105232831684377;0.06390464054226824;0.8926861962911534;0.006867316139163005
608;balanced;gini;20;auto;4;5;best;0.710467740296533;0.06407796950931985;0.8564708465689905;0.008414280203590866
626;balanced;gini;20;sqrt;4;5;best;0.710467740296533;0.06407796950931985;0.8564708465689905;0.008414280203590866
624;balanced;gini;20;sqrt;4;2;best;0.710467740296533;0.06407796950931985;0.8564708465689905;0.008414280203590866
606;balanced;gini;20;auto;4;2;best;0.710467740296533;0.06407796950931985;0.8564708465689905;0.008414280203590866
685;balanced;entropy;;log2;1;2;random;0.710357925375751;0.05149511092995593;0.999699827148841;0.00010056884886122964
398;;entropy;20;sqrt;1;5;best;0.7103328122762406;0.05935562636224164;0.9356485818565556;0.006632138552718817
380;;entropy;20;auto;1;5;best;0.7103328122762406;0.05935562636224164;0.9356485818565556;0.006632138552718817
477;balanced;gini;;log2;2;5;random;0.7103243080370782;0.048362585289991475;0.8138198515634334;0.01346939992447405
470;balanced;gini;;log2;1;5;best;0.7100842450431011;0.04054283348826379;0.9401114560907535;0.0029147475109010867
580;balanced;gini;10;log2;1;10;best;0.7097475182269933;0.05905394876420212;0.8393914686898611;0.008099981552976305
250;;entropy;;sqrt;4;10;best;0.7097309780756064;0.05889738119246343;0.8509439660165089;0.010239280643111909
232;;entropy;;auto;4;10;best;0.7097309780756064;0.05889738119246343;0.8509439660165089;0.010239280643111909
223;;entropy;;auto;2;2;random;0.7097162653885776;0.07305536671685463;0.8159867039130434;0.015505245500014675
241;;entropy;;sqrt;2;2;random;0.7097162653885776;0.07305536671685463;0.8159867039130434;0.015505245500014675
43;;gini;;log2;2;2;random;0.7094149367952416;0.06142817283672661;0.806103455395405;0.011772243808847673
362;;entropy;10;log2;1;5;best;0.7093194892781265;0.05981737920762218;0.8266409886541977;0.020545207747962282
635;balanced;gini;20;log2;1;10;random;0.7092788756885585;0.04481111285960052;0.8072969945698892;0.025659899674532968
634;balanced;gini;20;log2;1;10;best;0.7091884300613391;0.04349251513787325;0.8950680275351692;0.006271881029992667
839;balanced;entropy;20;sqrt;2;10;random;0.7090464555447751;0.06501800383971956;0.7997943546956922;0.013531450445533605
821;balanced;entropy;20;auto;2;10;random;0.7090464555447751;0.06501800383971956;0.7997943546956922;0.013531450445533605
538;balanced;gini;5;log2;4;10;best;0.7088115752018297;0.05214683597635406;0.7573408549472557;0.01718871040650913
637;balanced;gini;20;log2;2;2;random;0.7087129960241471;0.06553347716110132;0.796334770156556;0.01969310770801512
610;balanced;gini;20;auto;4;10;best;0.7086948087183953;0.056329258138312896;0.8559846485896312;0.007447702165966423
628;balanced;gini;20;sqrt;4;10;best;0.7086948087183953;0.056329258138312896;0.8559846485896312;0.007447702165966423
636;balanced;gini;20;log2;2;2;best;0.7086262249058765;0.05084446245335623;0.8973744491301892;0.006984095469421145
434;balanced;gini;;auto;1;5;best;0.7084242287634324;0.051011998069015435;0.9424924352228938;0.004364395324203057
452;balanced;gini;;sqrt;1;5;best;0.7084242287634324;0.051011998069015435;0.9424924352228938;0.004364395324203057
178;;gini;20;auto;4;10;best;0.708301076922922;0.0634893015667998;0.8436339055557174;0.0071982633477511975
196;;gini;20;sqrt;4;10;best;0.708301076922922;0.0634893015667998;0.8436339055557174;0.0071982633477511975
532;balanced;gini;5;log2;2;10;best;0.7081163833364243;0.051613062277500614;0.7603232589012812;0.01720785898085468
851;balanced;entropy;20;log2;1;10;random;0.7081152665166488;0.05765926610285049;0.8118818736439231;0.027407165086256957
430;;entropy;20;log2;4;10;best;0.7078993146099044;0.09297577954122596;0.8270279787271525;0.013042165762257418
169;;gini;20;auto;2;2;random;0.7078604612104625;0.052203233557221965;0.7882588888917811;0.011127995018807058
187;;gini;20;sqrt;2;2;random;0.7078604612104625;0.052203233557221965;0.7882588888917811;0.011127995018807058
296;;entropy;5;sqrt;2;5;best;0.7078192797487441;0.05949060534446873;0.7536396708237914;0.02029335360823411
294;;entropy;5;sqrt;2;2;best;0.7078192797487441;0.05949060534446873;0.7536676587654874;0.02025903545014942
276;;entropy;5;auto;2;2;best;0.7078192797487441;0.05949060534446873;0.7536676587654874;0.02025903545014942
278;;entropy;5;auto;2;5;best;0.7078192797487441;0.05949060534446873;0.7536396708237914;0.02029335360823411
861;balanced;entropy;20;log2;4;5;random;0.707303923330496;0.06899043187861661;0.765163278412859;0.016267833767381612
859;balanced;entropy;20;log2;4;2;random;0.707303923330496;0.06899043187861661;0.765163278412859;0.016267833767381612
45;;gini;;log2;2;5;random;0.7071921031422711;0.06382691334072804;0.7989080350990037;0.015287060014792077
603;balanced;gini;20;auto;2;5;random;0.7070703738068834;0.07462967589931244;0.8071106054653185;0.011243130774387858
621;balanced;gini;20;sqrt;2;5;random;0.7070703738068834;0.07462967589931244;0.8071106054653185;0.011243130774387858
166;;gini;20;auto;1;10;best;0.7070699165412868;0.06545467049646131;0.8880766853301928;0.007078783990829579
184;;gini;20;sqrt;1;10;best;0.7070699165412868;0.06545467049646131;0.8880766853301928;0.007078783990829579
288;;entropy;5;sqrt;1;2;best;0.7070682787579176;0.05209849350252337;0.7537296264829696;0.014616737136474434
270;;entropy;5;auto;1;2;best;0.7070682787579176;0.05209849350252337;0.7537296264829696;0.014616737136474434
534;balanced;gini;5;log2;4;2;best;0.7070681066455886;0.049503455696348286;0.7575677410870163;0.017392361072868224
536;balanced;gini;5;log2;4;5;best;0.7070681066455886;0.049503455696348286;0.7575677410870163;0.017392361072868224
201;;gini;20;log2;1;5;random;0.706916908568086;0.07002091362158978;0.8278034135773809;0.02017148197093395
830;balanced;entropy;20;sqrt;1;5;best;0.7067634430057237;0.058528711776681286;0.936460107800191;0.003566795442564841
812;balanced;entropy;20;auto;1;5;best;0.7067634430057237;0.058528711776681286;0.936460107800191;0.003566795442564841
857;balanced;entropy;20;log2;2;10;random;0.706710695094034;0.05927964475581636;0.7820417134742064;0.017862464839407007
443;balanced;gini;;auto;2;10;random;0.7066479787266317;0.06656417495483785;0.8133884272908704;0.011653848802366341
461;balanced;gini;;sqrt;2;10;random;0.7066479787266317;0.06656417495483785;0.8133884272908704;0.011653848802366341
160;;gini;10;log2;4;10;best;0.7065757704529481;0.06977885395837502;0.8014538857503698;0.009188241950179839
70;;gini;5;auto;4;10;best;0.7063909366364023;0.059666279082240925;0.7441306643461009;0.018888611861350296
88;;gini;5;sqrt;4;10;best;0.7063909366364023;0.059666279082240925;0.7441306643461009;0.018888611861350296
3;;gini;;auto;1;5;random;0.7059314451328492;0.053058197772697754;0.9072881607497715;0.002952733273243145
21;;gini;;sqrt;1;5;random;0.7059314451328492;0.053058197772697754;0.9072881607497715;0.002952733273243145
46;;gini;;log2;2;10;best;0.7059003388189763;0.05932005310004485;0.8676196636763176;0.009416229764052438
752;balanced;entropy;5;log2;4;5;best;0.7056062934105842;0.05912269450941215;0.7552781300877773;0.019011788398116212
750;balanced;entropy;5;log2;4;2;best;0.7056062934105842;0.05912269450941215;0.7552781300877773;0.019011788398116212
848;balanced;entropy;20;log2;1;5;best;0.7053317755621833;0.05410244361135463;0.9339768894241685;0.007059667881664544
370;;entropy;10;log2;2;10;best;0.7049698752442046;0.08454744815699772;0.8078088226894055;0.01637900838644829
754;balanced;entropy;5;log2;4;10;best;0.7048749218738435;0.059232728305273714;0.7524694225167801;0.01770179790594369
256;;entropy;;log2;1;10;best;0.7046209376525809;0.04362748285183954;0.8935808609751252;0.005168454145215283
183;;gini;20;sqrt;1;5;random;0.7043241217395757;0.06863581725909376;0.825489426963973;0.013392145186829506
165;;gini;20;auto;1;5;random;0.7043241217395757;0.06863581725909376;0.825489426963973;0.013392145186829506
647;balanced;gini;20;log2;4;10;random;0.7042123931456812;0.04987459129702993;0.7610040567286345;0.005601473297164995
235;;entropy;;sqrt;1;2;random;0.7041704255328934;0.04833260870744509;0.999699827148841;0.00010056884886122964
217;;entropy;;auto;1;2;random;0.7041704255328934;0.04833260870744509;0.999699827148841;0.00010056884886122964
421;;entropy;20;log2;2;2;random;0.7038920316787396;0.07164144080567116;0.774443785753687;0.03196940398392127
673;balanced;entropy;;sqrt;2;2;random;0.7030940388677096;0.0536072650813938;0.8189940528311069;0.010302055035331608
655;balanced;entropy;;auto;2;2;random;0.7030940388677096;0.0536072650813938;0.8189940528311069;0.010302055035331608
831;balanced;entropy;20;sqrt;1;5;random;0.7028253359107481;0.06493403648428057;0.8270456491774002;0.019895390572992153
813;balanced;entropy;20;auto;1;5;random;0.7028253359107481;0.06493403648428057;0.8270456491774002;0.019895390572992153
462;balanced;gini;;sqrt;4;2;best;0.7023863782416583;0.062278153575901544;0.8538080541315214;0.008554987174733679
444;balanced;gini;;auto;4;2;best;0.7023863782416583;0.062278153575901544;0.8538080541315214;0.008554987174733679
464;balanced;gini;;sqrt;4;5;best;0.7023863782416583;0.062278153575901544;0.8538080541315214;0.008554987174733679
446;balanced;gini;;auto;4;5;best;0.7023863782416583;0.062278153575901544;0.8538080541315214;0.008554987174733679
211;;gini;20;log2;4;2;random;0.7022519737578687;0.052316319633601616;0.7562330355478997;0.01359353205285879
213;;gini;20;log2;4;5;random;0.7022519737578687;0.052316319633601616;0.7562330355478997;0.01359353205285879
14;;gini;;auto;4;5;best;0.7020122304562928;0.05601592238891684;0.8514862853234162;0.003407510492582514
32;;gini;;sqrt;4;5;best;0.7020122304562928;0.05601592238891684;0.8514862853234162;0.003407510492582514
30;;gini;;sqrt;4;2;best;0.7020122304562928;0.05601592238891684;0.8514862853234162;0.003407510492582514
12;;gini;;auto;4;2;best;0.7020122304562928;0.05601592238891684;0.8514862853234162;0.003407510492582514
419;;entropy;20;log2;1;10;random;0.7019675314482262;0.08022432929208488;0.7998046724129926;0.016566464051268617
290;;entropy;5;sqrt;1;5;best;0.701702117141756;0.050664196263711124;0.7474613641248087;0.02422271579894891
272;;entropy;5;auto;1;5;best;0.701702117141756;0.050664196263711124;0.7474613641248087;0.02422271579894891
191;;gini;20;sqrt;2;10;random;0.7015902911124543;0.060794293374351195;0.787548118948467;0.015538814053582328
173;;gini;20;auto;2;10;random;0.7015902911124543;0.060794293374351195;0.787548118948467;0.015538814053582328
1;;gini;;auto;1;2;random;0.7014654325377786;0.06477342001678559;0.999699827148841;0.00010056884886122964
19;;gini;;sqrt;1;2;random;0.7014654325377786;0.06477342001678559;0.999699827148841;0.00010056884886122964
207;;gini;20;log2;2;5;random;0.7013087159387006;0.05818615353793521;0.7765906799711944;0.02860222651841242
401;;entropy;20;sqrt;1;10;random;0.7008940543359039;0.07872275958215486;0.7998001056682528;0.03012546113104166
383;;entropy;20;auto;1;10;random;0.7008940543359039;0.07872275958215486;0.7998001056682528;0.03012546113104166
641;balanced;gini;20;log2;2;10;random;0.7008461688937351;0.05291753960599502;0.7766234365865813;0.014985915822090396
171;;gini;20;auto;2;5;random;0.7007010180792921;0.049622785742751405;0.775058630923845;0.026488021455819098
189;;gini;20;sqrt;2;5;random;0.7007010180792921;0.049622785742751405;0.775058630923845;0.026488021455819098
699;balanced;entropy;;log2;4;5;random;0.7004739406097233;0.07054350696344036;0.7715048012533019;0.016184904812829755
697;balanced;entropy;;log2;4;2;random;0.7004739406097233;0.07054350696344036;0.7715048012533019;0.016184904812829755
84;;gini;5;sqrt;4;2;best;0.699930883665125;0.06138012839274546;0.742136094896947;0.015716041772211777
66;;gini;5;auto;4;2;best;0.699930883665125;0.06138012839274546;0.742136094896947;0.015716041772211777
86;;gini;5;sqrt;4;5;best;0.699930883665125;0.06138012839274546;0.742136094896947;0.015716041772211777
68;;gini;5;auto;4;5;best;0.699930883665125;0.06138012839274546;0.742136094896947;0.015716041772211777
58;;gini;5;auto;1;10;best;0.6999036418265943;0.07346191457268733;0.759401835850634;0.015128932075581672
76;;gini;5;sqrt;1;10;best;0.6999036418265943;0.07346191457268733;0.759401835850634;0.015128932075581672
615;balanced;gini;20;sqrt;1;5;random;0.6996582215682344;0.07460713818007274;0.843202223092707;0.016512418850161616
597;balanced;gini;20;auto;1;5;random;0.6996582215682344;0.07460713818007274;0.843202223092707;0.016512418850161616
259;;entropy;;log2;2;2;random;0.6992459181147367;0.06617303966123987;0.8062030057872895;0.011559413994770012
34;;gini;;sqrt;4;10;best;0.6991765383337769;0.07070796329932881;0.843375256165087;0.01202472199286626
16;;gini;;auto;4;10;best;0.6991765383337769;0.07070796329932881;0.843375256165087;0.01202472199286626
811;balanced;entropy;20;auto;1;2;random;0.6991750045421222;0.05519010195323617;0.8552229011423996;0.013178845771173354
829;balanced;entropy;20;sqrt;1;2;random;0.6991750045421222;0.05519010195323617;0.8552229011423996;0.013178845771173354
181;;gini;20;sqrt;1;2;random;0.6990496781617067;0.07544306193753683;0.8520104412861487;0.018017770257424816
163;;gini;20;auto;1;2;random;0.6990496781617067;0.07544306193753683;0.8520104412861487;0.018017770257424816
64;;gini;5;auto;2;10;best;0.698944880090516;0.06144447523136681;0.7537670158642698;0.016882639762146247
82;;gini;5;sqrt;2;10;best;0.698944880090516;0.06144447523136681;0.7537670158642698;0.016882639762146247
407;;entropy;20;sqrt;2;10;random;0.6986811725812674;0.05531191907631522;0.7855371369986939;0.01234591631770307
389;;entropy;20;auto;2;10;random;0.6986811725812674;0.05531191907631522;0.7855371369986939;0.01234591631770307
185;;gini;20;sqrt;1;10;random;0.6986584152056599;0.0687602829385061;0.8069861223985798;0.02078346639939733
167;;gini;20;auto;1;10;random;0.6986584152056599;0.0687602829385061;0.8069861223985798;0.02078346639939733
399;;entropy;20;sqrt;1;5;random;0.6986547605446547;0.061706795858749;0.8319672312224593;0.02420380863933719
381;;entropy;20;auto;1;5;random;0.6986547605446547;0.061706795858749;0.8319672312224593;0.02420380863933719
47;;gini;;log2;2;10;random;0.6986183136313325;0.06781549790271636;0.7904018486090048;0.026308141188927006
417;;entropy;20;log2;1;5;random;0.6982175662938477;0.07720546640620309;0.8156172983522765;0.026315248805857814
429;;entropy;20;log2;4;5;random;0.6978339315643052;0.05083257179231707;0.759417421099934;0.013539959257931652
427;;entropy;20;log2;4;2;random;0.6978339315643052;0.05083257179231707;0.759417421099934;0.013539959257931652
274;;entropy;5;auto;1;10;best;0.6977165875635718;0.0584228571113771;0.7454274122542841;0.0280520400082431
292;;entropy;5;sqrt;1;10;best;0.6977165875635718;0.0584228571113771;0.7454274122542841;0.0280520400082431
827;balanced;entropy;20;auto;4;10;random;0.6973002409367359;0.07768627805588862;0.7653228544542069;0.013893367572052274
845;balanced;entropy;20;sqrt;4;10;random;0.6973002409367359;0.07768627805588862;0.7653228544542069;0.013893367572052274
439;balanced;gini;;auto;2;2;random;0.6972743826852126;0.06308381443088157;0.8248092386175381;0.015213578336658252
457;balanced;gini;;sqrt;2;2;random;0.6972743826852126;0.06308381443088157;0.8248092386175381;0.015213578336658252
205;;gini;20;log2;2;2;random;0.697196441266111;0.06697973563413721;0.7808666699698004;0.020713614562776855
649;balanced;entropy;;auto;1;2;random;0.6970540288895128;0.05556922132846892;0.999699827148841;0.00010056884886122964
667;balanced;entropy;;sqrt;1;2;random;0.6970540288895128;0.05556922132846892;0.999699827148841;0.00010056884886122964
54;;gini;5;auto;1;2;best;0.6969772759559121;0.07188574971549583;0.7600024970414598;0.01585052266220493
72;;gini;5;sqrt;1;2;best;0.6969772759559121;0.07188574971549583;0.7600024970414598;0.01585052266220493
738;balanced;entropy;5;log2;1;2;best;0.6969677098449164;0.06512936983349085;0.7596626167678037;0.018669987813901508
740;balanced;entropy;5;log2;1;5;best;0.6969677098449164;0.06512936983349085;0.7596626167678037;0.018669987813901508
806;balanced;entropy;10;log2;4;5;best;0.6964360969006679;0.05421415494778576;0.816439331023236;0.007388483703927449
804;balanced;entropy;10;log2;4;2;best;0.6964360969006679;0.05421415494778576;0.816439331023236;0.007388483703927449
744;balanced;entropy;5;log2;2;2;best;0.6962304461801843;0.06449812275815155;0.7592872163762536;0.018426799760129016
746;balanced;entropy;5;log2;2;5;best;0.6962304461801843;0.06449812275815155;0.7592611546102399;0.018401156907272904
742;balanced;entropy;5;log2;1;10;best;0.6955038941813724;0.0617216965752942;0.7547781790736094;0.017161626984976527
263;;entropy;;log2;2;10;random;0.6953315579745574;0.06857553418636429;0.7954529798684951;0.02946266053668843
748;balanced;entropy;5;log2;2;10;best;0.695039854560356;0.0615167155794207;0.7546331936870425;0.01692360597466161
280;;entropy;5;auto;2;10;best;0.694827016163826;0.06799671167057428;0.7440736337891638;0.03190865090094524
298;;entropy;5;sqrt;2;10;best;0.694827016163826;0.06799671167057428;0.7440736337891638;0.03190865090094524
49;;gini;;log2;4;2;random;0.6946994405155645;0.04018102336917763;0.7620108021184809;0.009706216174849508
51;;gini;;log2;4;5;random;0.6946994405155645;0.04018102336917763;0.7620108021184809;0.009706216174849508
268;;entropy;;log2;4;10;best;0.6946249394331103;0.08786214349363701;0.8287274335951971;0.014585802483030314
431;;entropy;20;log2;4;10;random;0.6940583272011482;0.061779106219128396;0.7500238689631603;0.014385670107718629
215;;gini;20;log2;4;10;random;0.6937251157096942;0.06051133115193776;0.7538046543517424;0.018429423161970725
415;;entropy;20;log2;1;2;random;0.6933613829086795;0.06280904436921479;0.8587270897339059;0.02529873466482119
74;;gini;5;sqrt;1;5;best;0.693315659794296;0.07093985781431673;0.75549579026991;0.02591963168417955
56;;gini;5;auto;1;5;best;0.693315659794296;0.07093985781431673;0.75549579026991;0.02591963168417955
60;;gini;5;auto;2;2;best;0.6926840925508368;0.05781278417366911;0.7513489600674853;0.018339025989670493
80;;gini;5;sqrt;2;5;best;0.6926840925508368;0.05781278417366911;0.7513316291320167;0.01835074365410922
78;;gini;5;sqrt;2;2;best;0.6926840925508368;0.05781278417366911;0.7513489600674853;0.018339025989670493
62;;gini;5;auto;2;5;best;0.6926840925508368;0.05781278417366911;0.7513316291320167;0.01835074365410922
100;;gini;5;log2;2;10;best;0.6921984092190149;0.07866965806760697;0.7441049318694433;0.022296016602868566
94;;gini;5;log2;1;10;best;0.6918822754980847;0.07872387889195118;0.7446173470551865;0.022247866058489316
423;;entropy;20;log2;2;5;random;0.6915042980476427;0.06520204081592028;0.7731796321048096;0.019140843379223022
284;;entropy;5;auto;4;5;best;0.6911675956840893;0.07215257885970697;0.7363398467764345;0.029039782857121815
302;;entropy;5;sqrt;4;5;best;0.6911675956840893;0.07215257885970697;0.7363398467764345;0.029039782857121815
300;;entropy;5;sqrt;4;2;best;0.6911675956840893;0.07215257885970697;0.7363398467764345;0.029039782857121815
282;;entropy;5;auto;4;2;best;0.6911675956840893;0.07215257885970697;0.7363398467764345;0.029039782857121815
209;;gini;20;log2;2;10;random;0.6893760718626509;0.05953194298605728;0.7646936683242848;0.02491247719822908
304;;entropy;5;sqrt;4;10;best;0.6893476723124418;0.07453192162063424;0.731513297696779;0.025018274082403463
286;;entropy;5;auto;4;10;best;0.6893476723124418;0.07453192162063424;0.731513297696779;0.025018274082403463
611;balanced;gini;20;auto;4;10;random;0.6890775937826948;0.06740366585930542;0.7593771796785945;0.013217071345775653
629;balanced;gini;20;sqrt;4;10;random;0.6890775937826948;0.06740366585930542;0.7593771796785945;0.013217071345775653
627;balanced;gini;20;sqrt;4;5;random;0.6879801384340632;0.06574672175707595;0.7557096593795836;0.016850093130715647
607;balanced;gini;20;auto;4;2;random;0.6879801384340632;0.06574672175707595;0.7557096593795836;0.016850093130715647
609;balanced;gini;20;auto;4;5;random;0.6879801384340632;0.06574672175707595;0.7557096593795836;0.016850093130715647
625;balanced;gini;20;sqrt;4;2;random;0.6879801384340632;0.06574672175707595;0.7557096593795836;0.016850093130715647
269;;entropy;;log2;4;10;random;0.6877361477298617;0.04814508903099849;0.7584447775133583;0.014960880030187645
90;;gini;5;log2;1;2;best;0.687296140491265;0.07445982987892685;0.7422796621009766;0.026815384451472257
385;;entropy;20;auto;2;2;random;0.6872883309237843;0.050223577474893866;0.7866368800748884;0.01955568315352842
403;;entropy;20;sqrt;2;2;random;0.6872883309237843;0.050223577474893866;0.7866368800748884;0.01955568315352842
445;balanced;gini;;auto;4;2;random;0.6872141450581143;0.07155817056043297;0.7602211376693631;0.019386492478233895
447;balanced;gini;;auto;4;5;random;0.6872141450581143;0.07155817056043297;0.7602211376693631;0.019386492478233895
465;balanced;gini;;sqrt;4;5;random;0.6872141450581143;0.07155817056043297;0.7602211376693631;0.019386492478233895
463;balanced;gini;;sqrt;4;2;random;0.6872141450581143;0.07155817056043297;0.7602211376693631;0.019386492478233895
425;;entropy;20;log2;2;10;random;0.6872094413742827;0.057020098721381494;0.7648601850361357;0.021638233305279735
98;;gini;5;log2;2;5;best;0.6869585102291159;0.07380450173081875;0.7405452367755666;0.025778323466902706
96;;gini;5;log2;2;2;best;0.6869585102291159;0.07380450173081875;0.7405452367755666;0.025778323466902706
106;;gini;5;log2;4;10;best;0.6866303377345339;0.08670643756307231;0.7359366901753053;0.02617453692018977
92;;gini;5;log2;1;5;best;0.6865269097220341;0.07373749706552078;0.7411024429237575;0.02562546199772276
102;;gini;5;log2;4;2;best;0.6863567687109647;0.08762570191893498;0.734386386924019;0.027871069316054667
104;;gini;5;log2;4;5;best;0.6863567687109647;0.08762570191893498;0.734386386924019;0.027871069316054667
665;balanced;entropy;;auto;4;10;random;0.6858711769080363;0.06857950060627656;0.7710889891909405;0.012089036389140956
683;balanced;entropy;;sqrt;4;10;random;0.6858711769080363;0.06857950060627656;0.7710889891909405;0.012089036389140956
53;;gini;;log2;4;10;random;0.6854262591217661;0.056551544770854306;0.7625346334024694;0.017485472646852754
467;balanced;gini;;sqrt;4;10;random;0.6853525322425071;0.06789767185370563;0.7641893108776928;0.013465832158583747
449;balanced;gini;;auto;4;10;random;0.6853525322425071;0.06789767185370563;0.7641893108776928;0.013465832158583747
585;balanced;gini;10;log2;2;5;random;0.6849590761657913;0.07320603849454987;0.7245816226026053;0.02219466933666107
843;balanced;entropy;20;sqrt;4;5;random;0.6847439514371566;0.07618529000702517;0.7510563358052552;0.013586589189792978
823;balanced;entropy;20;auto;4;2;random;0.6847439514371566;0.07618529000702517;0.7510563358052552;0.013586589189792978
841;balanced;entropy;20;sqrt;4;2;random;0.6847439514371566;0.07618529000702517;0.7510563358052552;0.013586589189792978
825;balanced;entropy;20;auto;4;5;random;0.6847439514371566;0.07618529000702517;0.7510563358052552;0.013586589189792978
318;;entropy;5;log2;4;2;best;0.683926944097456;0.08055381052172006;0.7282431391041317;0.031665043440815006
320;;entropy;5;log2;4;5;best;0.683926944097456;0.08055381052172006;0.7282431391041317;0.031665043440815006
405;;entropy;20;sqrt;2;5;random;0.6831617673609964;0.08165245770476398;0.7817256240946482;0.03570349964668418
387;;entropy;20;auto;2;5;random;0.6831617673609964;0.08165245770476398;0.7817256240946482;0.03570349964668418
395;;entropy;20;auto;4;10;random;0.6827151444604121;0.08196689530605938;0.7480908334714156;0.020196997871531508
413;;entropy;20;sqrt;4;10;random;0.6827151444604121;0.08196689530605938;0.7480908334714156;0.020196997871531508
322;;entropy;5;log2;4;10;best;0.6819406273744566;0.0793385188775208;0.7239821733133166;0.02869222339019968
543;balanced;gini;10;auto;1;5;random;0.6805949159439507;0.061069609921371205;0.7227076496678558;0.01226402056952852
561;balanced;gini;10;sqrt;1;5;random;0.6805949159439507;0.061069609921371205;0.7227076496678558;0.01226402056952852
306;;entropy;5;log2;1;2;best;0.6802478713120038;0.07719335695701328;0.734416058754609;0.03076451208842819
308;;entropy;5;log2;1;5;best;0.6802478713120038;0.07719335695701328;0.734416058754609;0.03076451208842819
265;;entropy;;log2;4;2;random;0.6800500981656233;0.048941481658537886;0.7679462236745187;0.01143332510688579
267;;entropy;;log2;4;5;random;0.6800500981656233;0.048941481658537886;0.7679462236745187;0.01143332510688579
312;;entropy;5;log2;2;2;best;0.6800368146671236;0.07714081681181807;0.7338824341883493;0.03095575722426244
314;;entropy;5;log2;2;5;best;0.6800368146671236;0.07714081681181807;0.7338824341883493;0.03095575722426244
583;balanced;gini;10;log2;2;2;random;0.680021835381962;0.07454200984616487;0.7316464963916381;0.017311258037245196
661;balanced;entropy;;auto;4;2;random;0.6798777607770848;0.07946529341018735;0.7588467671738539;0.017940068693753527
679;balanced;entropy;;sqrt;4;2;random;0.6798777607770848;0.07946529341018735;0.7588467671738539;0.017940068693753527
681;balanced;entropy;;sqrt;4;5;random;0.6798777607770848;0.07946529341018735;0.7588467671738539;0.017940068693753527
663;balanced;entropy;;auto;4;5;random;0.6798777607770848;0.07946529341018735;0.7588467671738539;0.017940068693753527
197;;gini;20;sqrt;4;10;random;0.6794509452010693;0.07585973703521569;0.7443209062757847;0.018029478693894947
179;;gini;20;auto;4;10;random;0.6794509452010693;0.07585973703521569;0.7443209062757847;0.018029478693894947
565;balanced;gini;10;sqrt;2;2;random;0.6787237659413476;0.06742157786314955;0.7299448281267261;0.010439600935473449
547;balanced;gini;10;auto;2;2;random;0.6787237659413476;0.06742157786314955;0.7299448281267261;0.010439600935473449
310;;entropy;5;log2;1;10;best;0.6786292016478279;0.07627645052806573;0.7300746583078217;0.028473403538952422
567;balanced;gini;10;sqrt;2;5;random;0.6782563216062214;0.06881336550425611;0.7273916778097724;0.007852433056158925
549;balanced;gini;10;auto;2;5;random;0.6782563216062214;0.06881336550425611;0.7273916778097724;0.007852433056158925
801;balanced;entropy;10;log2;2;5;random;0.6780867942408089;0.06715760764285836;0.7229826627010122;0.025785460835509047
316;;entropy;5;log2;2;10;best;0.6780504979441242;0.07582807803512033;0.7297104931550582;0.02857483538844697
569;balanced;gini;10;sqrt;2;10;random;0.6771409797839085;0.06365147326578315;0.7249139381088839;0.010548543928570093
551;balanced;gini;10;auto;2;10;random;0.6771409797839085;0.06365147326578315;0.7249139381088839;0.010548543928570093
795;balanced;entropy;10;log2;1;5;random;0.6766787846074528;0.063889773168199;0.7328086906240205;0.025277906196560382
799;balanced;entropy;10;log2;2;2;random;0.6760859247370679;0.07061494548339892;0.7295579517403751;0.02192641510714805
767;balanced;entropy;10;auto;2;10;random;0.6753511444364408;0.06651092513213218;0.7241448841593005;0.010040529831624609
785;balanced;entropy;10;sqrt;2;10;random;0.6753511444364408;0.06651092513213218;0.7241448841593005;0.010040529831624609
759;balanced;entropy;10;auto;1;5;random;0.6740221604051115;0.0717278815845143;0.7214382204770649;0.011245290629770246
777;balanced;entropy;10;sqrt;1;5;random;0.6740221604051115;0.0717278815845143;0.7214382204770649;0.011245290629770246
33;;gini;;sqrt;4;5;random;0.6737389660791775;0.06374997351433644;0.735277055537162;0.03853647098988884
15;;gini;;auto;4;5;random;0.6737389660791775;0.06374997351433644;0.735277055537162;0.03853647098988884
13;;gini;;auto;4;2;random;0.6737389660791775;0.06374997351433644;0.735277055537162;0.03853647098988884
31;;gini;;sqrt;4;2;random;0.6737389660791775;0.06374997351433644;0.735277055537162;0.03853647098988884
195;;gini;20;sqrt;4;5;random;0.6731632954064781;0.07520852937378296;0.7292837982857924;0.03681229255210332
193;;gini;20;sqrt;4;2;random;0.6731632954064781;0.07520852937378296;0.7292837982857924;0.03681229255210332
177;;gini;20;auto;4;5;random;0.6731632954064781;0.07520852937378296;0.7292837982857924;0.03681229255210332
175;;gini;20;auto;4;2;random;0.6731632954064781;0.07520852937378296;0.7292837982857924;0.03681229255210332
579;balanced;gini;10;log2;1;5;random;0.6726823785329592;0.07387291414076273;0.7307180890722671;0.023360498638128564
763;balanced;entropy;10;auto;2;2;random;0.6721449519491369;0.0647212104374112;0.7270426980191372;0.015423548332537333
781;balanced;entropy;10;sqrt;2;2;random;0.6721449519491369;0.0647212104374112;0.7270426980191372;0.015423548332537333
17;;gini;;auto;4;10;random;0.6717915722314698;0.08433820909862785;0.7569366125213157;0.02091158505263134
35;;gini;;sqrt;4;10;random;0.6717915722314698;0.08433820909862785;0.7569366125213157;0.02091158505263134
251;;entropy;;sqrt;4;10;random;0.6715146848587826;0.08404783328186134;0.7539803414969629;0.022245181242195083
233;;entropy;;auto;4;10;random;0.6715146848587826;0.08404783328186134;0.7539803414969629;0.022245181242195083
247;;entropy;;sqrt;4;2;random;0.6714367776381983;0.06786506685206442;0.7305490687452291;0.03795596077664609
231;;entropy;;auto;4;5;random;0.6714367776381983;0.06786506685206442;0.7305490687452291;0.03795596077664609
229;;entropy;;auto;4;2;random;0.6714367776381983;0.06786506685206442;0.7305490687452291;0.03795596077664609
249;;entropy;;sqrt;4;5;random;0.6714367776381983;0.06786506685206442;0.7305490687452291;0.03795596077664609
803;balanced;entropy;10;log2;2;10;random;0.6706665764216893;0.05614484078223457;0.719869095257286;0.018153057972817698
807;balanced;entropy;10;log2;4;5;random;0.6706612041705404;0.059466922722333886;0.7163973972545548;0.015664566164240834
805;balanced;entropy;10;log2;4;2;random;0.6706612041705404;0.059466922722333886;0.7163973972545548;0.015664566164240834
563;balanced;gini;10;sqrt;1;10;random;0.669610903432171;0.06998144469733962;0.721873960023814;0.013545554376959559
545;balanced;gini;10;auto;1;10;random;0.669610903432171;0.06998144469733962;0.721873960023814;0.013545554376959559
809;balanced;entropy;10;log2;4;10;random;0.669010148286284;0.05835816565084464;0.7234444106837284;0.010231928612605499
593;balanced;gini;10;log2;4;10;random;0.6687248899691073;0.07139762862617315;0.7149157350636395;0.01289312671055756
591;balanced;gini;10;log2;4;5;random;0.6687248899691073;0.07139762862617315;0.7149157350636395;0.01289312671055756
589;balanced;gini;10;log2;4;2;random;0.6687248899691073;0.07139762862617315;0.7149157350636395;0.01289312671055756
779;balanced;entropy;10;sqrt;1;10;random;0.6682840028848653;0.07013117007392829;0.7209838614647703;0.012256163520784279
761;balanced;entropy;10;auto;1;10;random;0.6682840028848653;0.07013117007392829;0.7209838614647703;0.012256163520784279
757;balanced;entropy;10;auto;1;2;random;0.6657658340175958;0.06099309186543565;0.7314610612082719;0.011837260962239873
775;balanced;entropy;10;sqrt;1;2;random;0.6657658340175958;0.06099309186543565;0.7314610612082719;0.011837260962239873
783;balanced;entropy;10;sqrt;2;5;random;0.665467386822468;0.06669356715266699;0.7237819498213168;0.012895678027338698
765;balanced;entropy;10;auto;2;5;random;0.665467386822468;0.06669356715266699;0.7237819498213168;0.012895678027338698
541;balanced;gini;10;auto;1;2;random;0.6651246621278496;0.07042412597601996;0.7353468166329695;0.014131378056811885
559;balanced;gini;10;sqrt;1;2;random;0.6651246621278496;0.07042412597601996;0.7353468166329695;0.014131378056811885
577;balanced;gini;10;log2;1;2;random;0.6648237101858662;0.06852606082927759;0.7262696592774742;0.02127254551787772
587;balanced;gini;10;log2;2;10;random;0.6642085972684263;0.06151205448523023;0.7159767925507581;0.014117067068847052
391;;entropy;20;auto;4;2;random;0.6639503395157537;0.07090406722564199;0.7341949754250192;0.03820051511802492
393;;entropy;20;auto;4;5;random;0.6639503395157537;0.07090406722564199;0.7341949754250192;0.03820051511802492
409;;entropy;20;sqrt;4;2;random;0.6639503395157537;0.07090406722564199;0.7341949754250192;0.03820051511802492
411;;entropy;20;sqrt;4;5;random;0.6639503395157537;0.07090406722564199;0.7341949754250192;0.03820051511802492
147;;gini;10;log2;1;5;random;0.66372994871082;0.06969253329622119;0.724371683873092;0.02437271364510098
793;balanced;entropy;10;log2;1;2;random;0.6617982543494515;0.07244469213815384;0.7119264078848448;0.03714511658636284
157;;gini;10;log2;4;2;random;0.661670403896734;0.06460104484316223;0.6882951924923797;0.028432843305640904
159;;gini;10;log2;4;5;random;0.661670403896734;0.06460104484316223;0.6882951924923797;0.028432843305640904
373;;entropy;10;log2;4;2;random;0.6611011871389927;0.06370926221449345;0.6876626408699265;0.02836654445967576
375;;entropy;10;log2;4;5;random;0.6611011871389927;0.06370926221449345;0.6876626408699265;0.02836654445967576
557;balanced;gini;10;auto;4;10;random;0.6610325240671513;0.057509822004226;0.7124587678670491;0.009790743861075169
575;balanced;gini;10;sqrt;4;10;random;0.6610325240671513;0.057509822004226;0.7124587678670491;0.009790743861075169
773;balanced;entropy;10;auto;4;10;random;0.6600379369987388;0.06816068287556151;0.7087605958319484;0.00943047565770972
791;balanced;entropy;10;sqrt;4;10;random;0.6600379369987388;0.06816068287556151;0.7087605958319484;0.00943047565770972
377;;entropy;10;log2;4;10;random;0.6587958592701402;0.06045734153647725;0.6879408672851667;0.028537409944999995
161;;gini;10;log2;4;10;random;0.6587958592701402;0.06045734153647725;0.6878382601412293;0.028420444911441776
573;balanced;gini;10;sqrt;4;5;random;0.6586724540398258;0.052421535379961505;0.710638379764935;0.007997461790249773
571;balanced;gini;10;sqrt;4;2;random;0.6586724540398258;0.052421535379961505;0.710638379764935;0.007997461790249773
553;balanced;gini;10;auto;4;2;random;0.6586724540398258;0.052421535379961505;0.710638379764935;0.007997461790249773
555;balanced;gini;10;auto;4;5;random;0.6586724540398258;0.052421535379961505;0.710638379764935;0.007997461790249773
363;;entropy;10;log2;1;5;random;0.657723845178963;0.06729852134907084;0.7177108640345954;0.03517685586277091
787;balanced;entropy;10;sqrt;4;2;random;0.6571573025246742;0.05582100901885876;0.7089308706771499;0.008039658449886466
789;balanced;entropy;10;sqrt;4;5;random;0.6571573025246742;0.05582100901885876;0.7089308706771499;0.008039658449886466
769;balanced;entropy;10;auto;4;2;random;0.6571573025246742;0.05582100901885876;0.7089308706771499;0.008039658449886466
771;balanced;entropy;10;auto;4;5;random;0.6571573025246742;0.05582100901885876;0.7089308706771499;0.008039658449886466
153;;gini;10;log2;2;5;random;0.654992923486911;0.06730466401194735;0.7175745640797495;0.029572428564950137
151;;gini;10;log2;2;2;random;0.6533309949877865;0.07392551508088846;0.7144152209272938;0.031818293875568664
797;balanced;entropy;10;log2;1;10;random;0.6505747872623199;0.057456585259992254;0.7186176861333623;0.01728727201185886
581;balanced;gini;10;log2;1;10;random;0.6493627182299272;0.06269949781939087;0.715064242702162;0.012013925066804501
155;;gini;10;log2;2;10;random;0.6489863763720212;0.05634545638236503;0.7039956475286623;0.021267649754604687
371;;entropy;10;log2;2;10;random;0.6486006644224753;0.05890611823290128;0.709889647407374;0.025807575773586555
369;;entropy;10;log2;2;5;random;0.6477894308041356;0.06333758400396765;0.7111749299110905;0.036968494749317536
367;;entropy;10;log2;2;2;random;0.6475373035098408;0.07041684459071701;0.7151448285666243;0.03264714710380433
351;;entropy;10;sqrt;2;5;random;0.6466537711982765;0.058006906553170146;0.7032544772340295;0.02561947985009066
333;;entropy;10;auto;2;5;random;0.6466537711982765;0.058006906553170146;0.7032544772340295;0.02561947985009066
127;;gini;10;sqrt;1;2;random;0.6421933600746474;0.061442621961028475;0.7091865901450316;0.028062793320375184
109;;gini;10;auto;1;2;random;0.6421933600746474;0.061442621961028475;0.7091865901450316;0.028062793320375184
133;;gini;10;sqrt;2;2;random;0.6417090959292606;0.06611774585356535;0.6979052013042106;0.026167412006677493
115;;gini;10;auto;2;2;random;0.6417090959292606;0.06611774585356535;0.6979052013042106;0.026167412006677493
365;;entropy;10;log2;1;10;random;0.6415965948863223;0.05673043678788206;0.705598811538193;0.022272930151227027
349;;entropy;10;sqrt;2;2;random;0.6412253623765667;0.059767361998015356;0.6973069114734757;0.030421895768138613
331;;entropy;10;auto;2;2;random;0.6412253623765667;0.059767361998015356;0.6973069114734757;0.030421895768138613
135;;gini;10;sqrt;2;5;random;0.6400693401608692;0.0686106921988398;0.7007233580748068;0.025205511984793413
117;;gini;10;auto;2;5;random;0.6400693401608692;0.0686106921988398;0.7007233580748068;0.025205511984793413
131;;gini;10;sqrt;1;10;random;0.6382785540961253;0.081051951504133;0.6921896141627436;0.025553039107735587
113;;gini;10;auto;1;10;random;0.6382785540961253;0.081051951504133;0.6921896141627436;0.025553039107735587
329;;entropy;10;auto;1;10;random;0.6367305240000869;0.07262172958026371;0.6894364217476955;0.026369699136019727
347;;entropy;10;sqrt;1;10;random;0.6367305240000869;0.07262172958026371;0.6894364217476955;0.026369699136019727
149;;gini;10;log2;1;10;random;0.6363025782443412;0.05747929189206328;0.7009790389085746;0.016851200937244813
719;balanced;entropy;5;auto;4;10;random;0.6361471891858022;0.07005032484774416;0.6719178946427912;0.005181341366545007
715;balanced;entropy;5;auto;4;2;random;0.6361471891858022;0.07005032484774416;0.6719178946427912;0.005181341366545007
737;balanced;entropy;5;sqrt;4;10;random;0.6361471891858022;0.07005032484774416;0.6719178946427912;0.005181341366545007
735;balanced;entropy;5;sqrt;4;5;random;0.6361471891858022;0.07005032484774416;0.6719178946427912;0.005181341366545007
733;balanced;entropy;5;sqrt;4;2;random;0.6361471891858022;0.07005032484774416;0.6719178946427912;0.005181341366545007
717;balanced;entropy;5;auto;4;5;random;0.6361471891858022;0.07005032484774416;0.6719178946427912;0.005181341366545007
731;balanced;entropy;5;sqrt;2;10;random;0.6349361978405826;0.07073813268423673;0.672036753249835;0.005185807129878142
729;balanced;entropy;5;sqrt;2;5;random;0.6349361978405826;0.07073813268423673;0.672036753249835;0.005185807129878142
713;balanced;entropy;5;auto;2;10;random;0.6349361978405826;0.07073813268423673;0.672036753249835;0.005185807129878142
711;balanced;entropy;5;auto;2;5;random;0.6349361978405826;0.07073813268423673;0.672036753249835;0.005185807129878142
709;balanced;entropy;5;auto;2;2;random;0.6349361978405826;0.07073813268423673;0.672036753249835;0.005185807129878142
727;balanced;entropy;5;sqrt;2;2;random;0.6349361978405826;0.07073813268423673;0.672036753249835;0.005185807129878142
503;balanced;gini;5;auto;4;10;random;0.6348262625850735;0.06987545273705958;0.672032544500923;0.005247966386608968
521;balanced;gini;5;sqrt;4;10;random;0.6348262625850735;0.06987545273705958;0.672032544500923;0.005247966386608968
519;balanced;gini;5;sqrt;4;5;random;0.6348262625850735;0.06987545273705958;0.672032544500923;0.005247966386608968
501;balanced;gini;5;auto;4;5;random;0.6348262625850735;0.06987545273705958;0.672032544500923;0.005247966386608968
517;balanced;gini;5;sqrt;4;2;random;0.6348262625850735;0.06987545273705958;0.672032544500923;0.005247966386608968
499;balanced;gini;5;auto;4;2;random;0.6348262625850735;0.06987545273705958;0.672032544500923;0.005247966386608968
515;balanced;gini;5;sqrt;2;10;random;0.634321212080023;0.0696614136735544;0.6722010151504321;0.00506782171901794
493;balanced;gini;5;auto;2;2;random;0.634321212080023;0.0696614136735544;0.6722290030921281;0.005076201781566748
513;balanced;gini;5;sqrt;2;5;random;0.634321212080023;0.0696614136735544;0.6722010151504321;0.00506782171901794
511;balanced;gini;5;sqrt;2;2;random;0.634321212080023;0.0696614136735544;0.6722290030921281;0.005076201781566748
497;balanced;gini;5;auto;2;10;random;0.634321212080023;0.0696614136735544;0.6722010151504321;0.00506782171901794
495;balanced;gini;5;auto;2;5;random;0.634321212080023;0.0696614136735544;0.6722010151504321;0.00506782171901794
325;;entropy;10;auto;1;2;random;0.6341101840911618;0.07303583293292111;0.6967728741132246;0.030917759973440283
343;;entropy;10;sqrt;1;2;random;0.6341101840911618;0.07303583293292111;0.6967728741132246;0.030917759973440283
491;balanced;gini;5;auto;1;10;random;0.6340796386807517;0.07204899821202662;0.6723356953523046;0.004964913857220722
509;balanced;gini;5;sqrt;1;10;random;0.6340796386807517;0.07204899821202662;0.6723356953523046;0.004964913857220722
487;balanced;gini;5;auto;1;2;random;0.6337440682109531;0.07172237637092953;0.6730326615983313;0.005175840816456658
505;balanced;gini;5;sqrt;1;2;random;0.6337440682109531;0.07172237637092953;0.6730326615983313;0.005175840816456658
507;balanced;gini;5;sqrt;1;5;random;0.6336145224016819;0.07275013166981768;0.672480583104111;0.005058404384168473
489;balanced;gini;5;auto;1;5;random;0.6336145224016819;0.07275013166981768;0.672480583104111;0.005058404384168473
703;balanced;entropy;5;auto;1;2;random;0.6335745881757012;0.07439021510256713;0.6728056915072367;0.005062196951819181
721;balanced;entropy;5;sqrt;1;2;random;0.6335745881757012;0.07439021510256713;0.6728056915072367;0.005062196951819181
707;balanced;entropy;5;auto;1;10;random;0.6325330768657336;0.07366580280502026;0.6723879850558403;0.00488071447395629
725;balanced;entropy;5;sqrt;1;10;random;0.6325330768657336;0.07366580280502026;0.6723879850558403;0.00488071447395629
723;balanced;entropy;5;sqrt;1;5;random;0.6320679605866638;0.07434201608359718;0.6725328728076466;0.004974264448666063
705;balanced;entropy;5;auto;1;5;random;0.6320679605866638;0.07434201608359718;0.6725328728076466;0.004974264448666063
359;;entropy;10;sqrt;4;10;random;0.6315102257543372;0.07509916659202798;0.6718947470678974;0.029167938837981893
341;;entropy;10;auto;4;10;random;0.6315102257543372;0.07509916659202798;0.6718947470678974;0.029167938837981893
143;;gini;10;sqrt;4;10;random;0.6312366567307682;0.07478096630541031;0.6712137922490202;0.028491150771574034
125;;gini;10;auto;4;10;random;0.6312366567307682;0.07478096630541031;0.6712137922490202;0.028491150771574034
145;;gini;10;log2;1;2;random;0.627342378028439;0.05663119395626626;0.6826967073544752;0.02529783489214082
121;;gini;10;auto;4;2;random;0.6244093567453668;0.06842776482794556;0.6667147950785628;0.0313678792023123
141;;gini;10;sqrt;4;5;random;0.6244093567453668;0.06842776482794556;0.6667147950785628;0.0313678792023123
123;;gini;10;auto;4;5;random;0.6244093567453668;0.06842776482794556;0.6667147950785628;0.0313678792023123
139;;gini;10;sqrt;4;2;random;0.6244093567453668;0.06842776482794556;0.6667147950785628;0.0313678792023123
357;;entropy;10;sqrt;4;5;random;0.6239204086822866;0.07145318321647603;0.6690221413106464;0.029422446151391817
337;;entropy;10;auto;4;2;random;0.6239204086822866;0.07145318321647603;0.6690221413106464;0.029422446151391817
355;;entropy;10;sqrt;4;2;random;0.6239204086822866;0.07145318321647603;0.6690221413106464;0.029422446151391817
339;;entropy;10;auto;4;5;random;0.6239204086822866;0.07145318321647603;0.6690221413106464;0.029422446151391817
361;;entropy;10;log2;1;2;random;0.6237914206138296;0.06721559547373641;0.6732632274079682;0.027981395011721883
353;;entropy;10;sqrt;2;10;random;0.6165352185859673;0.06306831560292986;0.6796726183332751;0.03050198948974522
335;;entropy;10;auto;2;10;random;0.6165352185859673;0.06306831560292986;0.6796726183332751;0.03050198948974522
119;;gini;10;auto;2;10;random;0.6156737080286826;0.07398405589138705;0.6871042858030221;0.028736030079061482
137;;gini;10;sqrt;2;10;random;0.6156737080286826;0.07398405589138705;0.6871042858030221;0.028736030079061482
129;;gini;10;sqrt;1;5;random;0.6145165278161911;0.056774426359762174;0.668826760651687;0.034786489051907295
111;;gini;10;auto;1;5;random;0.6145165278161911;0.056774426359762174;0.668826760651687;0.034786489051907295
345;;entropy;10;sqrt;1;5;random;0.6043796637147462;0.06054274755747223;0.6559029463848517;0.023359496611571932
327;;entropy;10;auto;1;5;random;0.6043796637147462;0.06054274755747223;0.6559029463848517;0.023359496611571932
323;;entropy;5;log2;4;10;random;0.5864207998433169;0.05284256777393697;0.6111209348405443;0.017669871683971487
107;;gini;5;log2;4;10;random;0.5864207998433169;0.05284256777393697;0.6111209348405443;0.017669871683971487
97;;gini;5;log2;2;2;random;0.5844977229202399;0.05588453279001603;0.611390684865093;0.017632851071744452
99;;gini;5;log2;2;5;random;0.5844977229202399;0.05588453279001603;0.611390684865093;0.017632851071744452
101;;gini;5;log2;2;10;random;0.5844977229202399;0.05588453279001603;0.6111738047834929;0.017667147079679677
103;;gini;5;log2;4;2;random;0.5844977229202399;0.05588453279001603;0.6111738047834929;0.017667147079679677
105;;gini;5;log2;4;5;random;0.5844977229202399;0.05588453279001603;0.6111738047834929;0.017667147079679677
315;;entropy;5;log2;2;5;random;0.5844977229202399;0.05588453279001603;0.611390684865093;0.017632851071744452
321;;entropy;5;log2;4;5;random;0.5844977229202399;0.05588453279001603;0.6111738047834929;0.017667147079679677
319;;entropy;5;log2;4;2;random;0.5844977229202399;0.05588453279001603;0.6111738047834929;0.017667147079679677
313;;entropy;5;log2;2;2;random;0.5844977229202399;0.05588453279001603;0.611390684865093;0.017632851071744452
317;;entropy;5;log2;2;10;random;0.5844977229202399;0.05588453279001603;0.6111738047834929;0.017667147079679677
307;;entropy;5;log2;1;2;random;0.5841057945871351;0.05522402851859439;0.6124851008181289;0.0172417836215188
91;;gini;5;log2;1;2;random;0.5841057945871351;0.05522402851859439;0.6124851008181289;0.0172417836215188
523;balanced;gini;5;log2;1;2;random;0.5836541628855034;0.05060813833159813;0.6117942575470927;0.01741345787693564
309;;entropy;5;log2;1;5;random;0.5836250253563658;0.056015899145164624;0.6122002843406943;0.01732203854870312
93;;gini;5;log2;1;5;random;0.5836250253563658;0.056015899145164624;0.6122002843406943;0.01732203854870312
95;;gini;5;log2;1;10;random;0.5836250253563658;0.056015899145164624;0.6114681010454265;0.017573442300661903
311;;entropy;5;log2;1;10;random;0.5836250253563658;0.056015899145164624;0.6114681010454265;0.017573442300661903
531;balanced;gini;5;log2;2;5;random;0.5826037835263006;0.053523742308285396;0.6106512518635118;0.018020392453690633
533;balanced;gini;5;log2;2;10;random;0.5826037835263006;0.053523742308285396;0.6104000757386754;0.018142805565511965
535;balanced;gini;5;log2;4;2;random;0.5826037835263006;0.053523742308285396;0.6104000757386754;0.018142805565511965
537;balanced;gini;5;log2;4;5;random;0.5826037835263006;0.053523742308285396;0.6104000757386754;0.018142805565511965
539;balanced;gini;5;log2;4;10;random;0.5826037835263006;0.053523742308285396;0.6104000757386754;0.018142805565511965
529;balanced;gini;5;log2;2;2;random;0.5826037835263006;0.053523742308285396;0.6106180572341489;0.01806608485395638
527;balanced;gini;5;log2;1;10;random;0.5817310859624266;0.05367761908122622;0.6109539923960357;0.01776331246925035
525;balanced;gini;5;log2;1;5;random;0.5817310859624266;0.05367761908122622;0.6114470558474652;0.017544701471051943
755;balanced;entropy;5;log2;4;10;random;0.574622488864678;0.037868774895817824;0.6113935454463937;0.01735508152044937
751;balanced;entropy;5;log2;4;2;random;0.5726994119416011;0.041465769366753176;0.6114464153893423;0.017351476864350863
753;balanced;entropy;5;log2;4;5;random;0.5726994119416011;0.041465769366753176;0.6114464153893423;0.017351476864350863
749;balanced;entropy;5;log2;2;10;random;0.5726994119416011;0.041465769366753176;0.6114464153893423;0.017351476864350863
745;balanced;entropy;5;log2;2;2;random;0.5726994119416011;0.041465769366753176;0.6116639303409028;0.017312376641961946
747;balanced;entropy;5;log2;2;5;random;0.5726994119416011;0.041465769366753176;0.6116639303409028;0.017312376641961946
739;balanced;entropy;5;log2;1;2;random;0.5723074836084964;0.040520065219386454;0.6125643268459205;0.017105950385430068
741;balanced;entropy;5;log2;1;5;random;0.571826714377727;0.041456227358684095;0.6123069334342183;0.017142767289127368
743;balanced;entropy;5;log2;1;10;random;0.571826714377727;0.041456227358684095;0.6117407116512759;0.017256652333518654
301;;entropy;5;sqrt;4;2;random;0.5640705507488308;0.04054346763983894;0.5907435243946916;0.006907394142149841
287;;entropy;5;auto;4;10;random;0.5640705507488308;0.04054346763983894;0.5907435243946916;0.006907394142149841
303;;entropy;5;sqrt;4;5;random;0.5640705507488308;0.04054346763983894;0.5907435243946916;0.006907394142149841
305;;entropy;5;sqrt;4;10;random;0.5640705507488308;0.04054346763983894;0.5907435243946916;0.006907394142149841
285;;entropy;5;auto;4;5;random;0.5640705507488308;0.04054346763983894;0.5907435243946916;0.006907394142149841
283;;entropy;5;auto;4;2;random;0.5640705507488308;0.04054346763983894;0.5907435243946916;0.006907394142149841
73;;gini;5;sqrt;1;2;random;0.5635655002437804;0.0400933959060802;0.5915703137740367;0.006842086326789353
57;;gini;5;auto;1;5;random;0.5635655002437804;0.0400933959060802;0.5910278146305631;0.006644412668984322
59;;gini;5;auto;1;10;random;0.5635655002437804;0.0400933959060802;0.5909607905018767;0.006819853988368367
75;;gini;5;sqrt;1;5;random;0.5635655002437804;0.0400933959060802;0.5910278146305631;0.006644412668984322
77;;gini;5;sqrt;1;10;random;0.5635655002437804;0.0400933959060802;0.5909607905018767;0.006819853988368367
55;;gini;5;auto;1;2;random;0.5635655002437804;0.0400933959060802;0.5915703137740367;0.006842086326789353
271;;entropy;5;auto;1;2;random;0.5630604497387299;0.0415082143997401;0.5915423689217277;0.006916817469708036
289;;entropy;5;sqrt;1;2;random;0.5630604497387299;0.0415082143997401;0.5915423689217277;0.006916817469708036
69;;gini;5;auto;4;5;random;0.562749624148102;0.03886349512728351;0.5906987714537864;0.006763835883428786
71;;gini;5;auto;4;10;random;0.562749624148102;0.03886349512728351;0.5906987714537864;0.006763835883428786
67;;gini;5;auto;4;2;random;0.562749624148102;0.03886349512728351;0.5906987714537864;0.006763835883428786
85;;gini;5;sqrt;4;2;random;0.562749624148102;0.03886349512728351;0.5906987714537864;0.006763835883428786
87;;gini;5;sqrt;4;5;random;0.562749624148102;0.03886349512728351;0.5906987714537864;0.006763835883428786
89;;gini;5;sqrt;4;10;random;0.562749624148102;0.03886349512728351;0.5906987714537864;0.006763835883428786
297;;entropy;5;sqrt;2;5;random;0.5626270012640765;0.04158994178960896;0.5908883375427754;0.006904798641227247
295;;entropy;5;sqrt;2;2;random;0.5626270012640765;0.04158994178960896;0.5908883375427754;0.006904798641227247
299;;entropy;5;sqrt;2;10;random;0.5626270012640765;0.04158994178960896;0.5908883375427754;0.006904798641227247
277;;entropy;5;auto;2;2;random;0.5626270012640765;0.04158994178960896;0.5908883375427754;0.006904798641227247
279;;entropy;5;auto;2;5;random;0.5626270012640765;0.04158994178960896;0.5908883375427754;0.006904798641227247
281;;entropy;5;auto;2;10;random;0.5626270012640765;0.04158994178960896;0.5908883375427754;0.006904798641227247
65;;gini;5;auto;2;10;random;0.5622445736430515;0.038376354845578345;0.5908672421032954;0.006621132977939735
61;;gini;5;auto;2;2;random;0.5622445736430515;0.038376354845578345;0.5908952300449914;0.006646360788033984
79;;gini;5;sqrt;2;2;random;0.5622445736430515;0.038376354845578345;0.5908952300449914;0.006646360788033984
63;;gini;5;auto;2;5;random;0.5622445736430515;0.038376354845578345;0.5908672421032954;0.006621132977939735
83;;gini;5;sqrt;2;10;random;0.5622445736430515;0.038376354845578345;0.5908672421032954;0.006621132977939735
81;;gini;5;sqrt;2;5;random;0.5622445736430515;0.038376354845578345;0.5908672421032954;0.006621132977939735
275;;entropy;5;auto;1;10;random;0.5617863802892273;0.04220416128288245;0.5912314261736438;0.007057923921234477
273;;entropy;5;auto;1;5;random;0.5617863802892273;0.04220416128288245;0.59129845030233;0.0068859148361598305
293;;entropy;5;sqrt;1;10;random;0.5617863802892273;0.04220416128288245;0.5912314261736438;0.007057923921234477
291;;entropy;5;sqrt;1;5;random;0.5617863802892273;0.04220416128288245;0.59129845030233;0.0068859148361598305
