;group;user;percentage_tutorial;percentage_intermediate;percentage_advanced;attempts_per_puzzle
0;cb71040b5bd1341a34afc24961536ebd;098f6bcd4621d373cade4e832627b4f6;0.0;0.0;0.0;0.0
1;cb71040b5bd1341a34afc24961536ebd;56ccce25ead834182d605eff319bfa2c;66.67;88.89;30.77;1.7
2;cb71040b5bd1341a34afc24961536ebd;476c86cda40e6f3a762d65030a131dd2;100.0;55.56;0.0;2.67
3;cb71040b5bd1341a34afc24961536ebd;bd6a63c5523e2eced8f2dc3bd2aaea5e;100.0;55.56;7.69;1.76
4;cb71040b5bd1341a34afc24961536ebd;5c5f8fb35c0db55cea793e0b85c01d19;100.0;77.78;7.69;2.16
5;cb71040b5bd1341a34afc24961536ebd;3c32dab9a9041d872c3d1dc527a8caee;100.0;33.33;0.0;1.62
6;cb71040b5bd1341a34afc24961536ebd;a7cd72c73f26587b48a0800d7e3d1fa6;100.0;55.56;0.0;1.73
7;cb71040b5bd1341a34afc24961536ebd;b25afda10342aa07780ccf349f6f3015;100.0;55.56;15.38;2.88
8;cb71040b5bd1341a34afc24961536ebd;ac5b8161e38c3ac6753b0654de52823b;100.0;55.56;0.0;1.38
9;cb71040b5bd1341a34afc24961536ebd;54417fb66f18dc9566731e6f9033ba7c;100.0;0.0;0.0;1.56
10;cb71040b5bd1341a34afc24961536ebd;bf76c066852c378feeaf64cbc6eef4f9;77.78;0.0;0.0;2.25
11;cb71040b5bd1341a34afc24961536ebd;11f0815f430c98926be1961578f4e383;100.0;33.33;0.0;2.08
12;cb71040b5bd1341a34afc24961536ebd;7801d79b9626077d540a1788ce9d2031;66.67;0.0;0.0;4.0
13;cb71040b5bd1341a34afc24961536ebd;f7ce6e7ecd96412457901bd9e2409788;100.0;55.56;0.0;1.64
14;cb71040b5bd1341a34afc24961536ebd;bac28f12fa9332df145bc5950d29c5d4;100.0;100.0;46.15;2.29
15;cb71040b5bd1341a34afc24961536ebd;e6662110d004759d74de8f6a94dcf85a;100.0;44.44;0.0;1.46
16;cb71040b5bd1341a34afc24961536ebd;58f4734cf6b706ff75c516a60d6b5781;100.0;0.0;0.0;1.67
17;cb71040b5bd1341a34afc24961536ebd;3a614ffabbc581c7298ad2d92ab1d137;0.0;11.11;0.0;3.0
18;cb71040b5bd1341a34afc24961536ebd;bfef85ef3bdfda5d39803c036e187cb3;0.0;22.22;0.0;3.67
19;cb71040b5bd1341a34afc24961536ebd;c43889e351f4bfee0ab575565214a1b1;100.0;88.89;15.38;1.4
20;cb71040b5bd1341a34afc24961536ebd;245b1824b004e18dc67f195876944f29;100.0;22.22;0.0;1.33
21;cb71040b5bd1341a34afc24961536ebd;b69eb4ca4b4ae19e8e4f2e3129da7fd3;100.0;88.89;23.08;1.75
22;cb71040b5bd1341a34afc24961536ebd;55136b14de831d3766fb638203cf2f1d;0.0;33.33;0.0;1.67
23;cb71040b5bd1341a34afc24961536ebd;d2123496f464e618b6b4baf50c3da1e6;100.0;88.89;30.77;1.9
24;cb71040b5bd1341a34afc24961536ebd;b6bb897191ae7db466d040eff341f576;100.0;0.0;0.0;1.78
25;cb71040b5bd1341a34afc24961536ebd;e129f5ced2d36f872763fd95b8747655;0.0;44.44;38.46;1.1
26;cb71040b5bd1341a34afc24961536ebd;5bc813de10b7e5cf4f75066d56c60778;44.44;0.0;0.0;2.0
27;cb71040b5bd1341a34afc24961536ebd;952c2e1f775ccef82db6e720fcde7b93;0.0;0.0;0.0;0.0
28;cb71040b5bd1341a34afc24961536ebd;d979871f68a9e367eb3a5df8be7c4bf4;100.0;55.56;7.69;2.27
29;c6262795f034865c9e9203305638ee79;098f6bcd4621d373cade4e832627b4f6;0.0;0.0;0.0;0.0
30;7a01ab37bd2729626dcaf96166390315;88571e5d5e13a4a60f82cea7802f6255;0.0;0.0;0.0;0.0
31;cb71040b5bd1341a34afc24961536ebd;e42c1c9f7c7267e0ec513ab911b1b498;11.11;0.0;0.0;4.0
32;cb71040b5bd1341a34afc24961536ebd;e7bac32dd5a8b21a4b027108c836b2f5;100.0;0.0;0.0;1.6
33;cb71040b5bd1341a34afc24961536ebd;d63179744205c56977834576f42dd328;100.0;22.22;0.0;1.18
34;cb71040b5bd1341a34afc24961536ebd;b850165f89f378954e3a6454177711e4;77.78;0.0;0.0;1.57
35;c6262795f034865c9e9203305638ee79;a0598c170ea4cb8cc78c7ad7409e9d93;22.22;77.78;53.85;1.62
36;c6262795f034865c9e9203305638ee79;1b06f2a47bf02a5aeeb5eee15061dd76;77.78;0.0;0.0;1.43
37;c6262795f034865c9e9203305638ee79;adf5228f64a7d8954ae7614729729f4a;100.0;100.0;76.92;2.46
38;c6262795f034865c9e9203305638ee79;5b05639df7f654ec0b22e86cc1d1158b;100.0;22.22;0.0;1.64
39;c6262795f034865c9e9203305638ee79;f093c0d517d1cfcedd496536160f18d4;100.0;77.78;7.69;1.68
40;c6262795f034865c9e9203305638ee79;c1e1d3389671bcfccbe590ce97c36b42;55.56;0.0;0.0;3.0
41;c6262795f034865c9e9203305638ee79;23cc150b3334c3f316fb29fd8c7bb48d;33.33;0.0;0.0;1.67
42;c6262795f034865c9e9203305638ee79;1d0a0548d9586e4cd74019a0ce91c6d3;100.0;44.44;15.38;2.6
43;c6262795f034865c9e9203305638ee79;922d9b752ef23eb9c27b22dd9e96b0dd;100.0;66.67;23.08;2.17
44;c6262795f034865c9e9203305638ee79;15776a754fac811d8592f8746dfe03f6;88.89;22.22;0.0;2.6
45;c6262795f034865c9e9203305638ee79;f05b5d1373b538bfbdea776a3aff23db;88.89;0.0;0.0;1.44
46;c6262795f034865c9e9203305638ee79;90fd4d4e0af8796d9bff08c93a37690a;100.0;77.78;0.0;2.31
47;c6262795f034865c9e9203305638ee79;185f8ea3abb5153621b2759e8972478f;100.0;22.22;7.69;3.08
48;c6262795f034865c9e9203305638ee79;eb28ab106ea3efb1b9e586b1b531b7b8;55.56;0.0;0.0;2.4
49;c6262795f034865c9e9203305638ee79;a37a6bbde30f576840b754d721c3b767;100.0;100.0;61.54;1.39
50;c6262795f034865c9e9203305638ee79;712d1197ed1e2c07b4c8544bd192c450;55.56;0.0;0.0;1.6
51;c6262795f034865c9e9203305638ee79;f5c024ffd3a74a95a557f9c2099d5dc4;66.67;0.0;0.0;1.17
52;c6262795f034865c9e9203305638ee79;aee91e2e71de85a2f48d3d1a62749939;100.0;88.89;38.46;1.36
53;c6262795f034865c9e9203305638ee79;7dbcf48d9abd3b7ac3e5efa0cb8fe8a2;100.0;66.67;0.0;1.13
54;c6262795f034865c9e9203305638ee79;042d2457ba7f3f207f2e866486202a6d;0.0;0.0;0.0;0.0
55;c6262795f034865c9e9203305638ee79;c658a12e036d24a8bc2e0e0fa2343ade;0.0;88.89;15.38;1.3
56;c6262795f034865c9e9203305638ee79;743b7d8a8341513e9865fdb1d08685b0;100.0;33.33;0.0;1.25
57;c6262795f034865c9e9203305638ee79;ac05d4537c3f616ab2227d06a1bf94c9;0.0;0.0;0.0;0.0
58;4fe25833f555e9903d2bb6bbeec3fbfb;5d9c68c6c50ed3d02a2fcf54f63993b6;0.0;0.0;0.0;0.0
59;7a01ab37bd2729626dcaf96166390315;5724b11c82858d1aa6e80f800fda71df;100.0;100.0;69.23;2.44
60;7a01ab37bd2729626dcaf96166390315;9b5657ee770823fe25d1c7aeb56e6bf5;100.0;100.0;76.92;1.77
61;7a01ab37bd2729626dcaf96166390315;2da50872be7a811e24a1cdec9c227829;100.0;88.89;30.77;2.67
62;7a01ab37bd2729626dcaf96166390315;70c2fe415227245dbd643fe14a70a22f;100.0;77.78;30.77;1.95
63;7a01ab37bd2729626dcaf96166390315;77efb9bd726163cb93765929e0997325;0.0;0.0;0.0;0.0
64;7a01ab37bd2729626dcaf96166390315;4e4715f7254217e3086e400c20c6c46a;88.89;0.0;0.0;1.62
65;7a01ab37bd2729626dcaf96166390315;a53cd649ff5a2d9179498975e93ac8a4;100.0;77.78;30.77;1.45
66;7a01ab37bd2729626dcaf96166390315;29fba46101c93b24f73945ea1e3994ef;100.0;44.44;23.08;2.5
67;7a01ab37bd2729626dcaf96166390315;16877a7d2e69929dcf77a5b6ea4e6cd9;100.0;88.89;23.08;2.19
68;7a01ab37bd2729626dcaf96166390315;3346993e67759021d1f7d17052cae1bb;100.0;100.0;53.85;1.84
69;7a01ab37bd2729626dcaf96166390315;1a59df3d27c2f1544da042110abbff28;33.33;0.0;0.0;1.33
70;7a01ab37bd2729626dcaf96166390315;ed85b33be7a53b79744ce29fb600966d;100.0;88.89;23.08;1.14
71;7a01ab37bd2729626dcaf96166390315;eaee82f96dc626a30a8f6097beae44fa;100.0;100.0;69.23;1.5
72;7a01ab37bd2729626dcaf96166390315;82ad0b937435798fbb2091527e421451;100.0;100.0;46.15;2.21
73;7a01ab37bd2729626dcaf96166390315;a283b675d67d1d68be3638180a7e5be3;100.0;88.89;23.08;1.91
74;7a01ab37bd2729626dcaf96166390315;8722a7065bec725bd89027515a38ce3f;100.0;66.67;15.38;1.53
75;7a01ab37bd2729626dcaf96166390315;86e8f92f3a09a2f64ae0c8eedfbf7e53;100.0;100.0;92.31;1.13
76;7a01ab37bd2729626dcaf96166390315;2db95e8e1a9267b7a1188556b2013b33;0.0;0.0;0.0;0.0
77;7a01ab37bd2729626dcaf96166390315;18209fda6e66194eb48ac00ea2f10a16;100.0;66.67;38.46;2.55
78;7a01ab37bd2729626dcaf96166390315;c3db769de9f799bc76b49a478276d45e;100.0;100.0;69.23;1.78
79;7a01ab37bd2729626dcaf96166390315;17db09f3cda608d44115c85fddc3c9ad;100.0;66.67;23.08;2.61
80;7a01ab37bd2729626dcaf96166390315;7738af89c35a17ea95c600683473bb33;100.0;100.0;30.77;1.55
81;7a01ab37bd2729626dcaf96166390315;17f8fdb215276b60e1b97a24962ad0f2;100.0;55.56;46.15;2.29
82;7a01ab37bd2729626dcaf96166390315;9e663ef15cba5a9afa81c93d878e0142;100.0;88.89;30.77;1.29
83;7a01ab37bd2729626dcaf96166390315;ff8662d59180b49cef99ccbea2414fac;100.0;88.89;46.15;1.61
84;7a01ab37bd2729626dcaf96166390315;8b44d17f9b0196463b19431a948a9e98;100.0;100.0;84.62;1.28
85;7a01ab37bd2729626dcaf96166390315;d73754f6b5d308b307e394440a59d165;100.0;77.78;61.54;1.48
86;7a01ab37bd2729626dcaf96166390315;f58c606cf3549cbca186b628293cf2b3;100.0;88.89;23.08;1.35
87;95cd1f045a0329cf5595ae734ae7ae43;15246dfc4342ffe2601e4ecee9017eea;77.78;0.0;15.38;1.89
88;7a01ab37bd2729626dcaf96166390315;993408ffe6e0e8aead57ab51a1ef269d;11.11;0.0;7.69;1.5
89;95cd1f045a0329cf5595ae734ae7ae43;62dad8bdc4268597b3ee4964cc2a3a87;66.67;0.0;0.0;3.67
90;95cd1f045a0329cf5595ae734ae7ae43;c90e00e6590150ee969146996428ed57;55.56;11.11;0.0;3.33
91;95cd1f045a0329cf5595ae734ae7ae43;c08daa0a4e7dfc7899ae8ffd4b5b1f45;100.0;33.33;0.0;2.0
92;7a01ab37bd2729626dcaf96166390315;d278cc3740e7ce2167235bc2fab96726;0.0;0.0;0.0;0.0
93;95cd1f045a0329cf5595ae734ae7ae43;d1b81842e7f52c7e4bfee0b60735bdf1;0.0;88.89;69.23;1.35
94;95cd1f045a0329cf5595ae734ae7ae43;ab8c358afd1e639192d0abb1c5c0c9cb;11.11;11.11;7.69;2.67
95;c6262795f034865c9e9203305638ee79;9fd6922125dc0195e42a9ccd2337710f;0.0;0.0;0.0;0.0
96;7a01ab37bd2729626dcaf96166390315;6fb00a0a9c2e6b84352abd12b0f53c0b;44.44;0.0;0.0;2.0
97;7a01ab37bd2729626dcaf96166390315;3f4fbcbac5da95a20fa08e5384cec0be;0.0;0.0;15.38;1.5
98;4fe25833f555e9903d2bb6bbeec3fbfb;66e12afc561f043a0ff56910f2b166d0;100.0;11.11;0.0;2.31
99;4fe25833f555e9903d2bb6bbeec3fbfb;1f29e9843acc97006c607d1d50465a1d;88.89;0.0;0.0;1.5
100;4fe25833f555e9903d2bb6bbeec3fbfb;6f92f9126b33790d7fef01f949d8334b;0.0;0.0;0.0;0.0
101;cb71040b5bd1341a34afc24961536ebd;bff3d4d4d0de5158652dbd6cf8a033f6;0.0;0.0;0.0;0.0
102;cb71040b5bd1341a34afc24961536ebd;54b1e46a1ae286dff5c6f918f4fea3d7;0.0;0.0;0.0;0.0
103;cb71040b5bd1341a34afc24961536ebd;684c851af59965b680086b7b4896ff98;11.11;0.0;0.0;6.0
104;cb71040b5bd1341a34afc24961536ebd;a462a6e2243d3f8469847e9c5330b8b1;11.11;0.0;0.0;8.0
105;cb71040b5bd1341a34afc24961536ebd;3e3e76b766bc7657937a3a95297ad602;11.11;0.0;0.0;4.0
106;cb71040b5bd1341a34afc24961536ebd;27c2cc6a9a8c96ec409b61a0bf056976;11.11;0.0;0.0;4.0
107;cb71040b5bd1341a34afc24961536ebd;bd9ae4e1453529db67c9f12cc318df66;11.11;0.0;0.0;3.0
108;cb71040b5bd1341a34afc24961536ebd;318084c6adc2a40b0824ce52658f212b;11.11;0.0;0.0;4.0
109;cb71040b5bd1341a34afc24961536ebd;b478c820d69d14fef95a7d533246cfe2;11.11;0.0;0.0;3.0
110;4fe25833f555e9903d2bb6bbeec3fbfb;0157bc278747755031338f18c5ba4233;77.78;0.0;0.0;1.71
111;4fe25833f555e9903d2bb6bbeec3fbfb;33619c0e26fd218fbe79c78b631b7843;88.89;0.0;0.0;2.0
112;4fe25833f555e9903d2bb6bbeec3fbfb;6b0db803ea472a64d60982fc9820ec6d;66.67;0.0;0.0;3.17
113;4fe25833f555e9903d2bb6bbeec3fbfb;9f5b213ac14a39e0506ff211a2ff2ffc;88.89;0.0;0.0;1.0
114;4fe25833f555e9903d2bb6bbeec3fbfb;12c016759e353d0bc14d1bccacba192c;77.78;0.0;0.0;1.29
115;4fe25833f555e9903d2bb6bbeec3fbfb;2085341eede3ffb7e2ffc72bbf0ae02b;100.0;55.56;0.0;1.36
116;4fe25833f555e9903d2bb6bbeec3fbfb;cc4c504f27b61a09a405aeeb78db2893;0.0;0.0;0.0;0.0
117;4fe25833f555e9903d2bb6bbeec3fbfb;96ddabca419f7153f2c0ed0cba63a9e4;44.44;0.0;0.0;3.5
118;4fe25833f555e9903d2bb6bbeec3fbfb;afa648f0959b8ff1a10ddb9c643aa172;100.0;33.33;0.0;2.67
119;4fe25833f555e9903d2bb6bbeec3fbfb;9ebecebccf7f8b60313c913a80f70f47;100.0;0.0;0.0;1.44
120;4fe25833f555e9903d2bb6bbeec3fbfb;a48c50f9ef3ef60c304e7e4ca5d775cb;88.89;0.0;0.0;1.25
121;4fe25833f555e9903d2bb6bbeec3fbfb;85e2dbc0501c15f84b17a1fd7364467d;55.56;0.0;0.0;2.0
122;4fe25833f555e9903d2bb6bbeec3fbfb;ffb0d9f90251dac55dde43e4cae2c46c;22.22;0.0;0.0;4.0
123;4fe25833f555e9903d2bb6bbeec3fbfb;2a772f5859b0bf6156f07f1412f2043a;33.33;0.0;0.0;5.33
124;4fe25833f555e9903d2bb6bbeec3fbfb;12e1e72e84bf81d1bb70ceaaff147ee1;100.0;0.0;0.0;1.22
125;4fe25833f555e9903d2bb6bbeec3fbfb;0760db831ec82e0c4b3349f6045d9669;44.44;0.0;0.0;3.25
126;4fe25833f555e9903d2bb6bbeec3fbfb;b2531b7f78817a6d4acda4a109b7a431;100.0;11.11;0.0;1.4
127;4fe25833f555e9903d2bb6bbeec3fbfb;516f1d9200914db303f76bbefbeff1ad;100.0;0.0;0.0;1.78
128;4fe25833f555e9903d2bb6bbeec3fbfb;2b2396af4cbf91224f099e909c6068f7;100.0;0.0;0.0;2.0
129;4fe25833f555e9903d2bb6bbeec3fbfb;0b608ca6b3e7c2e5f31d7118cdc95a9b;55.56;0.0;0.0;3.2
130;4fe25833f555e9903d2bb6bbeec3fbfb;a7d70a79fa9f7d3dec47bac5541e53be;22.22;0.0;0.0;14.5
131;4fe25833f555e9903d2bb6bbeec3fbfb;3ea797888d868011497d6e0e56206f3b;44.44;0.0;0.0;2.5
132;4fe25833f555e9903d2bb6bbeec3fbfb;a89dc0a90ec4abfdc92e621e3ca80748;77.78;11.11;0.0;2.25
133;4fe25833f555e9903d2bb6bbeec3fbfb;74fa38fa48d90dae8ea34d71dc9a4b84;0.0;0.0;0.0;0.0
134;4fe25833f555e9903d2bb6bbeec3fbfb;302f89f8db8438ebfaf8ab4fd1d267f2;66.67;0.0;0.0;1.17
135;4fe25833f555e9903d2bb6bbeec3fbfb;781ddfc1403d3625fe99f9cb5986f096;22.22;0.0;0.0;6.0
136;4fe25833f555e9903d2bb6bbeec3fbfb;e08bc4c6e82c2fce47308de23960f73c;44.44;0.0;0.0;1.25
137;4fe25833f555e9903d2bb6bbeec3fbfb;4e46303a1a86e794ec6f495f04a1d95b;0.0;0.0;0.0;0.0
138;4fe25833f555e9903d2bb6bbeec3fbfb;e86797831be7ef238bf4da814e085931;0.0;0.0;0.0;0.0
139;4fe25833f555e9903d2bb6bbeec3fbfb;40d788246ddbc125d1488077d7711321;0.0;0.0;0.0;0.0
140;4fe25833f555e9903d2bb6bbeec3fbfb;d0eb9b379fb70519d83b457b6c85ec4d;77.78;0.0;0.0;1.71
141;4fe25833f555e9903d2bb6bbeec3fbfb;24484165b531c64c3151df9e29945731;44.44;0.0;0.0;1.0
142;4fe25833f555e9903d2bb6bbeec3fbfb;2d3db94690a19a62a0942fbd6ac30308;44.44;0.0;0.0;2.5
143;4fe25833f555e9903d2bb6bbeec3fbfb;bfc0042bbe42e56ce5a8d2d9b8c0f4e4;11.11;0.0;0.0;4.0
144;4fe25833f555e9903d2bb6bbeec3fbfb;bee2a34ccb9b04e94c012b32c0228791;22.22;0.0;0.0;5.0
145;4fe25833f555e9903d2bb6bbeec3fbfb;e3d9bb1dbe4394feac89c0974e04a53f;44.44;0.0;0.0;1.75
146;e6af7d42084352a39449e6d0a09b18cd;47f6dc938c01422d039402a522de3d67;0.0;0.0;0.0;0.0
147;e6af7d42084352a39449e6d0a09b18cd;d2695d1ecd5266079525ebc7d197c5c2;100.0;100.0;61.54;1.52
148;e6af7d42084352a39449e6d0a09b18cd;34df13a769b46a72178b5495e12030ff;100.0;0.0;0.0;1.89
149;e6af7d42084352a39449e6d0a09b18cd;8b646f630d19b5df0e56ad347301a533;100.0;66.67;7.69;1.47
150;e6af7d42084352a39449e6d0a09b18cd;73002223a76a57543bc0d9e92c685d21;100.0;55.56;23.08;2.29
151;e6af7d42084352a39449e6d0a09b18cd;ecc47748b7ef0ae450de9371e64b0b5b;100.0;0.0;0.0;1.56
152;e6af7d42084352a39449e6d0a09b18cd;be92bec7a507e83c33700633c0a59255;100.0;100.0;46.15;1.36
153;e6af7d42084352a39449e6d0a09b18cd;92477c49111067683732d8dfc987d006;100.0;100.0;69.23;1.43
154;e6af7d42084352a39449e6d0a09b18cd;113d1b7d0977122f5962fa123325c015;100.0;100.0;61.54;1.15
155;e6af7d42084352a39449e6d0a09b18cd;e475e17ea1c7251d27d011af6111af63;100.0;11.11;0.0;1.9
156;e6af7d42084352a39449e6d0a09b18cd;5092a4247d0b049bf77e89d824c535a4;55.56;0.0;0.0;1.2
157;e6af7d42084352a39449e6d0a09b18cd;7ad6a5644dc189d2dd6b366b70f9cca9;100.0;100.0;69.23;1.79
158;e6af7d42084352a39449e6d0a09b18cd;10b6d08eea990eacf342c323080e83f5;100.0;100.0;61.54;1.62
159;e6af7d42084352a39449e6d0a09b18cd;beecc47689704115072807cd992ddc7b;100.0;77.78;15.38;1.56
160;e6af7d42084352a39449e6d0a09b18cd;e94bcd5830a6a2d1e9af610edfdc52dc;100.0;100.0;30.77;1.24
161;e6af7d42084352a39449e6d0a09b18cd;5b376caf2913ef3a48a53e38cba2a2f0;100.0;55.56;7.69;3.13
162;e6af7d42084352a39449e6d0a09b18cd;57f8507e4d21db8e15a04f96e618fb38;77.78;0.0;0.0;1.38
163;e6af7d42084352a39449e6d0a09b18cd;fd934ef7ae0a2bc9ef543c6317cd3fd0;11.11;0.0;0.0;7.0
164;e6af7d42084352a39449e6d0a09b18cd;947329e4045fb60fd62c6ee739583545;100.0;55.56;23.08;2.71
165;8cbfa61cb2b025b16b04a8e470422960;8572b2a0310a5e510f661e7817120458;88.89;22.22;0.0;2.5
166;e6af7d42084352a39449e6d0a09b18cd;e38b2dcc1efd0d9e05a0059b29939914;100.0;66.67;15.38;2.24
167;e6af7d42084352a39449e6d0a09b18cd;3d992da5acb90d3c9b53b9684d648306;100.0;100.0;84.62;2.39
168;e6af7d42084352a39449e6d0a09b18cd;6f6b458eb58d511b0bc127cd67a81f84;100.0;100.0;84.62;1.97
169;e6af7d42084352a39449e6d0a09b18cd;260b88947a587ebbb88ab3988c0cc484;100.0;44.44;0.0;1.46
170;8cbfa61cb2b025b16b04a8e470422960;23e976a7cd66724ad7ddf04707c29f64;100.0;100.0;84.62;1.13
171;e6af7d42084352a39449e6d0a09b18cd;a8d110698c69055de0f594ab2956dde2;100.0;100.0;23.08;2.45
172;e6af7d42084352a39449e6d0a09b18cd;665004d343e4f13c0714a7d0e54d78de;33.33;0.0;0.0;4.67
173;e6af7d42084352a39449e6d0a09b18cd;1f53831aa8207f7fa53432515a1e6752;77.78;0.0;7.69;2.12
174;e6af7d42084352a39449e6d0a09b18cd;86d2b048783ff0715f22a20e6e259ed3;77.78;0.0;7.69;2.0
175;e6af7d42084352a39449e6d0a09b18cd;ef0b43cdf2d6ac99ff1bf5c2284e932a;100.0;100.0;84.62;1.76
176;e6af7d42084352a39449e6d0a09b18cd;ca35f06de1cb31608714f602522da941;100.0;55.56;0.0;1.5
177;e6af7d42084352a39449e6d0a09b18cd;263c55cbe89c59d5374540a90c0e9425;100.0;88.89;30.77;1.48
178;e6af7d42084352a39449e6d0a09b18cd;7978544a75b7e49d6a5cfe95fe3ded56;100.0;55.56;7.69;1.87
179;e6af7d42084352a39449e6d0a09b18cd;00f86c5fc28e8d326cdae17ea97c7387;100.0;55.56;15.38;2.44
180;8cbfa61cb2b025b16b04a8e470422960;63ff74c01bb9518553cbde97472cb82a;100.0;33.33;0.0;1.42
181;8cbfa61cb2b025b16b04a8e470422960;b316cbf7331dbefba42e77a52c831e51;77.78;0.0;0.0;1.71
182;8cbfa61cb2b025b16b04a8e470422960;4ae4eb7fe5a30b7ea567ee1ffd3ce9b5;88.89;77.78;7.69;1.62
183;8cbfa61cb2b025b16b04a8e470422960;2accdfe177744666db2e039a12eca830;100.0;100.0;46.15;1.83
184;e6af7d42084352a39449e6d0a09b18cd;e70ebd06402419a86ba195a0da517c67;100.0;11.11;7.69;1.82
185;8cbfa61cb2b025b16b04a8e470422960;86eafa4b05f579291048d9f8e4e715fd;100.0;44.44;7.69;3.07
186;e6af7d42084352a39449e6d0a09b18cd;ffa946ca09448817699cabbb3dd78d56;100.0;100.0;69.23;2.04
187;e6af7d42084352a39449e6d0a09b18cd;04efb31113020a35abc57f18b7c92b34;100.0;100.0;69.23;1.19
188;e6af7d42084352a39449e6d0a09b18cd;1f32ee4bde190b6194c8d956ef958987;100.0;100.0;69.23;1.09
189;e6af7d42084352a39449e6d0a09b18cd;09c0fd63d10090d7503972218cf4bfc3;100.0;88.89;38.46;1.68
190;e6af7d42084352a39449e6d0a09b18cd;5e28d61160368358430cfe1efe123aa9;100.0;77.78;7.69;2.79
191;8cbfa61cb2b025b16b04a8e470422960;0a7a979cbaa702f693c222990a433ba2;100.0;100.0;76.92;1.56
192;e6af7d42084352a39449e6d0a09b18cd;b7b6a911ecb48add616af2d2546f77de;100.0;77.78;69.23;2.12
193;8cbfa61cb2b025b16b04a8e470422960;fd8558801677dd29161b880a74cb9c81;100.0;100.0;76.92;1.38
194;8cbfa61cb2b025b16b04a8e470422960;bf837b2d3b9345552bf9c7692f4ed9e9;88.89;11.11;30.77;2.31
195;8cbfa61cb2b025b16b04a8e470422960;1222fa9a94d30af5ffb6006472aa5537;100.0;22.22;7.69;4.71
196;e6af7d42084352a39449e6d0a09b18cd;5dbb0c7e9eb3e307c96f39cfbc5f524b;100.0;88.89;46.15;2.29
197;e6af7d42084352a39449e6d0a09b18cd;10db62423210c1642e3d793303d2a081;88.89;11.11;7.69;2.55
198;8cbfa61cb2b025b16b04a8e470422960;1ae6ced785a29f375cfcfa7421655396;0.0;0.0;0.0;0.0
199;e6af7d42084352a39449e6d0a09b18cd;7b9a493e34e392a009485838e8c3bfba;66.67;0.0;0.0;1.33
200;e6af7d42084352a39449e6d0a09b18cd;6aaba2aceab47f1f4390af407db96c2b;100.0;33.33;61.54;1.29
201;e6af7d42084352a39449e6d0a09b18cd;0a7a979cbaa702f693c222990a433ba2;0.0;0.0;0.0;0.0
202;e6af7d42084352a39449e6d0a09b18cd;a9381a5d6b310e58bb06df10c0a8bcfa;100.0;44.44;0.0;1.31
203;8cbfa61cb2b025b16b04a8e470422960;4b1277e956138a57ebebb32441c64037;0.0;0.0;0.0;0.0
204;e6af7d42084352a39449e6d0a09b18cd;2f0ac5ad17c9aa0ab1a3a01e8fea4ea8;100.0;100.0;69.23;1.58
205;e6af7d42084352a39449e6d0a09b18cd;0f099d5808edc0d9345318303a996602;0.0;0.0;15.38;3.0
206;e6af7d42084352a39449e6d0a09b18cd;049217092f0cf180df6272f85c8144b1;100.0;100.0;46.15;2.5
207;8cbfa61cb2b025b16b04a8e470422960;f7383b2902f1761b425ff7df7ae095fc;55.56;0.0;0.0;1.2
208;8cbfa61cb2b025b16b04a8e470422960;5d483abb3f27510378f2b7672e83bc1e;0.0;0.0;0.0;0.0
209;e6af7d42084352a39449e6d0a09b18cd;2adf7f3a2239344ded1b5c1f960b1e9e;0.0;0.0;0.0;0.0
210;e6af7d42084352a39449e6d0a09b18cd;f7884fbfb9abf578e87729c0c6e4e9c6;77.78;0.0;0.0;1.14
211;e6af7d42084352a39449e6d0a09b18cd;6b9e327335e6ee0d123880dd0d537b0a;55.56;0.0;0.0;1.8
212;e6af7d42084352a39449e6d0a09b18cd;1552ddb0e271a09b410dcd36ad33768c;77.78;0.0;0.0;2.14
213;8cbfa61cb2b025b16b04a8e470422960;5adfb464337689314d03622f9f0b10c7;100.0;22.22;7.69;1.67
214;e6af7d42084352a39449e6d0a09b18cd;12c90b2d277f87dffd14e56879987369;77.78;11.11;0.0;1.88
215;e6af7d42084352a39449e6d0a09b18cd;eb31edc705bc6a52f30c37c1622267cc;0.0;100.0;61.54;1.33
216;8cbfa61cb2b025b16b04a8e470422960;d74e4aa0805fc05a35d64a50fc0e84de;100.0;55.56;0.0;1.14
217;e6af7d42084352a39449e6d0a09b18cd;1c727a6e8a2e5c5a98471503c322d1b4;100.0;0.0;0.0;1.0
218;e6af7d42084352a39449e6d0a09b18cd;f520f6763fdb355659089797cfbd25e0;100.0;100.0;84.62;1.37
219;e6af7d42084352a39449e6d0a09b18cd;f69a717e8b17ef8d693def8d5a8f4993;100.0;55.56;7.69;1.87
220;8cbfa61cb2b025b16b04a8e470422960;c63e4c7092dc66e2c40ac54e40e2589d;0.0;44.44;23.08;3.29
221;8cbfa61cb2b025b16b04a8e470422960;8e27fc67618a1dcc6930342eb60c293a;100.0;100.0;69.23;1.68
222;e6af7d42084352a39449e6d0a09b18cd;5760acdfb9a7fe7637b49680a8dc2d47;100.0;100.0;76.92;1.68
223;8cbfa61cb2b025b16b04a8e470422960;49ab334e3991f54ab1e2d11869834191;100.0;100.0;76.92;1.03
224;e6af7d42084352a39449e6d0a09b18cd;953ea80f89aa793f2d8a17d212646301;100.0;88.89;30.77;1.48
225;e6af7d42084352a39449e6d0a09b18cd;62201eb12dcba7f781f1f2e75482e1ef;100.0;66.67;0.0;1.33
226;e6af7d42084352a39449e6d0a09b18cd;bf0a784fe1efa01dc5a2e1ccd1f731fc;100.0;77.78;61.54;1.23
227;e6af7d42084352a39449e6d0a09b18cd;fb039fa921dd55d1b7eb210d8a5f75fc;100.0;100.0;76.92;1.61
228;8cbfa61cb2b025b16b04a8e470422960;a86925711409ca9c76b1f1c1ef43d281;100.0;100.0;84.62;1.14
229;e6af7d42084352a39449e6d0a09b18cd;cc9b0177c4af699f8c39c9f7126fa4a4;100.0;88.89;30.77;1.1
230;8cbfa61cb2b025b16b04a8e470422960;dae8f18dec37209033af50bf2bc6722d;100.0;55.56;0.0;1.07
231;8cbfa61cb2b025b16b04a8e470422960;4610cc6adb8b0aeea29d5eb053a8bcc5;100.0;55.56;0.0;1.07
232;e6af7d42084352a39449e6d0a09b18cd;d4fa4c2c02058f0323918427c09248bf;0.0;0.0;38.46;1.8
233;8cbfa61cb2b025b16b04a8e470422960;f5c577edc3b46150d0cbae675ee7e459;100.0;88.89;23.08;1.15
234;8cbfa61cb2b025b16b04a8e470422960;f335e6139464347a152729767b7c10e6;0.0;0.0;7.69;11.0
235;e6af7d42084352a39449e6d0a09b18cd;e71fff89938ec1fe219e736fa36f8b6b;100.0;100.0;53.85;1.2
236;e6af7d42084352a39449e6d0a09b18cd;2b0af0935243bf6aa00b6f7be5fdbabc;100.0;77.78;7.69;1.58
237;e6af7d42084352a39449e6d0a09b18cd;be778b20fbbc034986feccd6f320585f;100.0;66.67;7.69;1.5
238;e6af7d42084352a39449e6d0a09b18cd;f22d5e004366e83c9eb106b13b21bc9d;100.0;100.0;30.77;1.73
239;e6af7d42084352a39449e6d0a09b18cd;f50c8d5d6414f0e64ef8c21973d0a6d6;100.0;100.0;69.23;1.23
240;e6af7d42084352a39449e6d0a09b18cd;a6f176cf29c7a3e3bf3fc3c2362ac8c8;100.0;100.0;76.92;2.25
241;e6af7d42084352a39449e6d0a09b18cd;7efcb41a92a61b13280d8c19e2fef302;100.0;100.0;84.62;1.24
242;e6af7d42084352a39449e6d0a09b18cd;6ee4b916ed4b2366f0c521b3379f7960;100.0;100.0;69.23;1.44
243;e6af7d42084352a39449e6d0a09b18cd;7a2c3ba5b630c18ff35177361c93141b;100.0;100.0;76.92;1.93
244;8cbfa61cb2b025b16b04a8e470422960;4cac6d6f0016fa63c459c4e9d0aa16b1;100.0;0.0;0.0;1.8
245;8cbfa61cb2b025b16b04a8e470422960;f328f213fa502ed9b06a2f5f6ed88086;100.0;88.89;30.77;1.52
246;8cbfa61cb2b025b16b04a8e470422960;7ccdfc4cbcb4802bdc2b511f8d89eee3;11.11;0.0;0.0;2.0
247;e6af7d42084352a39449e6d0a09b18cd;0d35fa2868a21199e36b159b49ae6aad;100.0;100.0;76.92;1.06
248;8cbfa61cb2b025b16b04a8e470422960;1167e354a5b14bfe32706bdb0b67a0cf;100.0;100.0;76.92;1.42
249;e6af7d42084352a39449e6d0a09b18cd;5e186eef80240c4069112f359dadf9ef;100.0;100.0;84.62;1.03
250;e6af7d42084352a39449e6d0a09b18cd;b569f465acee475bc6eb06a288b823c7;11.11;0.0;0.0;2.0
251;e6af7d42084352a39449e6d0a09b18cd;a139eff80ad1587e94570be61a28219e;100.0;88.89;38.46;1.33
252;8cbfa61cb2b025b16b04a8e470422960;2636425489c6a77a532f75254d058a38;100.0;88.89;38.46;1.26
253;e6af7d42084352a39449e6d0a09b18cd;166bffa58553539efdb92a3cb0028bbf;0.0;0.0;0.0;0.0
254;e6af7d42084352a39449e6d0a09b18cd;d33775654963516045875c5fa105347d;0.0;0.0;0.0;0.0
255;8cbfa61cb2b025b16b04a8e470422960;4713ace1b155ff9642b1a0ed67c1fdf3;100.0;88.89;38.46;1.58
256;e6af7d42084352a39449e6d0a09b18cd;031395e5e53450933d46c8646ae4ee27;44.44;11.11;0.0;1.6
257;8cbfa61cb2b025b16b04a8e470422960;1b55c999597635ddd855882330afecb8;44.44;0.0;0.0;1.5
258;e6af7d42084352a39449e6d0a09b18cd;2fc80637fca670560429037eb31234b6;88.89;33.33;23.08;2.07
259;e6af7d42084352a39449e6d0a09b18cd;8cec40ccb0fb360dd8828fa1d8843528;0.0;66.67;7.69;4.71
260;e6af7d42084352a39449e6d0a09b18cd;21d145c7ab82704ffc734dcbca23fc3f;0.0;0.0;0.0;0.0
261;e6af7d42084352a39449e6d0a09b18cd;5d483abb3f27510378f2b7672e83bc1e;0.0;88.89;46.15;2.0
262;8cbfa61cb2b025b16b04a8e470422960;ce2264a639e01f4ca75a0c242fbafb09;0.0;11.11;0.0;5.0
263;8cbfa61cb2b025b16b04a8e470422960;0f099d5808edc0d9345318303a996602;0.0;0.0;0.0;0.0
264;e6af7d42084352a39449e6d0a09b18cd;a0734c7ec07d25795ad022c40f9e6ad8;0.0;0.0;0.0;0.0
265;8cbfa61cb2b025b16b04a8e470422960;f7ab47845da1e7938d6eacd273fff776;100.0;66.67;7.69;1.5
266;e6af7d42084352a39449e6d0a09b18cd;47d8f264137a10ec1dd48abc399335f8;0.0;0.0;0.0;0.0
267;e6af7d42084352a39449e6d0a09b18cd;48e2fa8526344763b562fc7318987b5f;11.11;11.11;46.15;1.89
268;e6af7d42084352a39449e6d0a09b18cd;a9eac4d5476d2f20a263becdc89ca829;33.33;11.11;0.0;1.75
269;8cbfa61cb2b025b16b04a8e470422960;e70ebd06402419a86ba195a0da517c67;0.0;0.0;0.0;0.0
270;e6af7d42084352a39449e6d0a09b18cd;f7383b2902f1761b425ff7df7ae095fc;0.0;44.44;0.0;2.0
271;e21640b4aea9349ad77d86d6017cb061;098f6bcd4621d373cade4e832627b4f6;88.89;0.0;0.0;2.5
272;e21640b4aea9349ad77d86d6017cb061;fb72fa38101a46d8857571aec0be9ce0;22.22;0.0;0.0;3.5
273;e21640b4aea9349ad77d86d6017cb061;1295c9ddb112b1276f3967dad1b2ce7f;0.0;0.0;15.38;1.0
274;e21640b4aea9349ad77d86d6017cb061;b15f2a5087a673d4606ce6018525e7a0;100.0;77.78;23.08;1.95
275;e21640b4aea9349ad77d86d6017cb061;d92de6cb8908be5916910148ab008b2c;88.89;11.11;15.38;2.0
276;e21640b4aea9349ad77d86d6017cb061;3ba430337eb30f5fd7569451b5dfdf32;44.44;44.44;0.0;4.12
277;e21640b4aea9349ad77d86d6017cb061;a66f852274a441f4f9676b070c0c64db;100.0;77.78;23.08;1.48
278;e21640b4aea9349ad77d86d6017cb061;47813ad0c16e58f98f9c9b049195600b;100.0;11.11;0.0;1.43
279;e21640b4aea9349ad77d86d6017cb061;2e473395015ae4d92006fd558776d59f;88.89;55.56;15.38;2.78
280;e21640b4aea9349ad77d86d6017cb061;3fdae469073e50e17048175c8e63de7d;100.0;66.67;0.0;1.47
281;e21640b4aea9349ad77d86d6017cb061;b268d12ce8397a934edad8c75983afdd;100.0;11.11;0.0;1.9
282;e21640b4aea9349ad77d86d6017cb061;27f08f1a1996a8fe6c46de7787676953;100.0;33.33;0.0;1.5
283;e21640b4aea9349ad77d86d6017cb061;7ea1d408020c8831efec76c7554e5abf;88.89;11.11;7.69;2.64
284;e21640b4aea9349ad77d86d6017cb061;c4374012b768c14df138b56f25018b58;100.0;55.56;23.08;1.65
285;e21640b4aea9349ad77d86d6017cb061;fa5c548b7886cc9a4a03da68cb414905;100.0;11.11;0.0;2.4
286;e21640b4aea9349ad77d86d6017cb061;30bb014e5b15dd9fc656d307c2ac78af;77.78;0.0;0.0;3.0
287;e21640b4aea9349ad77d86d6017cb061;a2fa97f09291175fc3aa77a9749673d6;100.0;0.0;0.0;1.44
288;e21640b4aea9349ad77d86d6017cb061;321e474105c67a79d3cbee73993c4af0;100.0;66.67;0.0;1.88
289;e21640b4aea9349ad77d86d6017cb061;4ec219610dc2770a6877e012f1f4275f;88.89;0.0;0.0;2.0
290;e21640b4aea9349ad77d86d6017cb061;a5c3e0a06735be3f1c9f396c68be10a9;66.67;0.0;0.0;1.86
291;e21640b4aea9349ad77d86d6017cb061;caf081d70252877a1fdf2e72872355d0;0.0;11.11;0.0;5.0
292;e21640b4aea9349ad77d86d6017cb061;e38cbe491d2d84c6d4cdf2ed08e78d55;100.0;0.0;0.0;2.11
293;e21640b4aea9349ad77d86d6017cb061;61826b2435a7a079a118b0a8473a4ffa;100.0;55.56;0.0;1.36
294;e21640b4aea9349ad77d86d6017cb061;91e46c07c7105f932dadf5e732bdf1d0;100.0;55.56;0.0;1.29
295;e21640b4aea9349ad77d86d6017cb061;c396e31c6edc38e39218252ebc243b3c;100.0;0.0;0.0;1.22
296;e21640b4aea9349ad77d86d6017cb061;ea569ef5f2caa3294f865787d01bebfb;100.0;33.33;0.0;2.38
297;e21640b4aea9349ad77d86d6017cb061;ee9244078bab1b7e54aa21c9af7c9f69;100.0;0.0;0.0;1.22
298;e21640b4aea9349ad77d86d6017cb061;e7a1c28b6e31fa4ce644626262e21991;77.78;0.0;0.0;1.45
299;e21640b4aea9349ad77d86d6017cb061;f56eef88a0f83f726712b0fecbc81552;100.0;77.78;0.0;1.31
300;e21640b4aea9349ad77d86d6017cb061;ba915e03a3635bdb819f0e6d4000c5ca;77.78;0.0;0.0;3.86
301;e21640b4aea9349ad77d86d6017cb061;2828ad601746d2218f55b8ac4e94619d;100.0;55.56;15.38;1.5
302;e21640b4aea9349ad77d86d6017cb061;c107fca5bfaacfb2acdb4f696d639741;100.0;66.67;0.0;1.4
303;e21640b4aea9349ad77d86d6017cb061;a0b74e464805c9da87a54f1eb541ecf0;22.22;0.0;0.0;4.0
304;e21640b4aea9349ad77d86d6017cb061;6fb3ff8d301777e350eebeb04ef58c4a;100.0;33.33;7.69;1.92
305;e21640b4aea9349ad77d86d6017cb061;6cc3178b47d20716422c1c3f2c5fe96b;100.0;11.11;0.0;1.5
306;e21640b4aea9349ad77d86d6017cb061;1870d7fdb0afbbdbc37c32e2a644239f;77.78;0.0;0.0;1.67
307;e21640b4aea9349ad77d86d6017cb061;287866db18f943cf4cac87fc39e0eed2;100.0;0.0;0.0;1.89
308;e21640b4aea9349ad77d86d6017cb061;6672e613399b164cbfe36519dfc71f07;88.89;0.0;0.0;1.62
309;e21640b4aea9349ad77d86d6017cb061;30cc83a6a1f9f5d4331ee9b968e1b8f5;55.56;0.0;0.0;1.4
310;e21640b4aea9349ad77d86d6017cb061;f46a2482f35a0a401bf611fd85f4339d;100.0;44.44;7.69;1.35
311;e21640b4aea9349ad77d86d6017cb061;f780fb1266b2137865259660adcf0b0a;44.44;0.0;0.0;2.5
312;e21640b4aea9349ad77d86d6017cb061;7460c7ca07460c8b16f7b14aff5e4d8c;66.67;0.0;0.0;1.57
313;e21640b4aea9349ad77d86d6017cb061;7be8b35ba9d4b1ad7c3d3f32b585df6f;44.44;0.0;0.0;1.25
314;e21640b4aea9349ad77d86d6017cb061;270bf809fd1b7e871eebb0e6c39cb364;44.44;0.0;0.0;1.75
315;e21640b4aea9349ad77d86d6017cb061;b8f38a202d7b62fad5756326e758ab2b;0.0;0.0;0.0;0.0
316;e21640b4aea9349ad77d86d6017cb061;c4e5c4626027530f46a81ff750f68b7f;44.44;0.0;0.0;1.25
317;e21640b4aea9349ad77d86d6017cb061;520ea7a4dffdd14646427cb35cab5367;55.56;0.0;0.0;2.0
318;e21640b4aea9349ad77d86d6017cb061;7e95e0d124f5d7852af4b05082db7b1c;100.0;44.44;15.38;1.67
319;e21640b4aea9349ad77d86d6017cb061;eeb4ac2443dd0496ffbefa6780f4d7d4;100.0;0.0;0.0;1.33
320;e21640b4aea9349ad77d86d6017cb061;fb504c1409250aaef610c9d9b7306e18;66.67;0.0;0.0;1.33
321;e21640b4aea9349ad77d86d6017cb061;5cce64bf55190c8816d80129f875b351;11.11;0.0;0.0;4.0
